정보분류,산업분류,지역,제목,국가,무역관,게시일,조회수,추천수,dataIdx
산업·상품,IT,CIS,스마트시티로 변모 중인 블라디보스톡,러시아,블라디보스톡무역관,2018-10-26,351,1,170552
산업·상품,IT,CIS,"러시아 온라인 게임시장, 모바일 장르 중심으로 성장 지속",러시아,모스크바무역관,2018-04-10,3557,3,165531
산업·상품,IT,북미,美 블록체인 기술의 응용현황과 전망,미국,실리콘밸리무역관,2018-02-16,11651,16,164817
산업·상품,IT,북미,지금 미국에서는 증강현실(AR) 플랫폼 경쟁 중,미국,실리콘밸리무역관,2018-04-03,8861,6,165459
투자진출,IT,북미,"미국의 액셀러레이터, 스타트업의 청년기를 이끄는 원동력",미국,실리콘밸리무역관,2018-05-11,7286,9,166131
산업·상품,IT,북미,미국 상업용 드론(UAV)시장 전망,미국,로스앤젤레스무역관,2018-03-30,7275,0,165363
산업·상품,IT,북미,머신러닝 서비스시장 전망,미국,실리콘밸리무역관,2018-03-10,4187,13,165125
통상·규제,IT,북미,EU GDPR 발효 이후 미국 IT 기업들의 대응은,미국,실리콘밸리무역관,2018-06-05,3251,10,166764
산업·상품,IT,북미,혼합현실(MR) 미국시장 동향 및 전망,미국,실리콘밸리무역관,2018-10-13,1024,10,170115
현장·인터뷰,IT,북미,미국 XPONENTIAL 2018 전시회 참관기,미국,로스앤젤레스무역관,2018-05-19,5613,0,166239
산업·상품,IT,아시아,베트남 IT 아웃소싱 몰리는 이유,베트남,호치민무역관,2018-06-22,3425,0,167178
산업·상품,IT,아시아,열악한 인프라의 벽을 넘다. 인도 디지털 거래확산,인도,뉴델리무역관,2018-02-12,2829,2,164768
산업·상품,IT,아시아,호주 클라우드 서비스 시장동향,호주,시드니무역관,2018-02-21,2609,2,164880
투자진출,IT,아시아,유니콘을 통해 보는 인도네시아 스타트업시장,인도네시아,자카르타무역관,2018-04-24,3964,1,165819
산업·상품,IT,아시아,"베트남 부동산, 앱으로 진출한다!",베트남,호치민무역관,2018-06-08,5505,2,166866
산업·상품,IT,아프리카,가나 중고 스마트폰 시장동향,가나,아크라무역관,2018-03-28,2852,0,165270
산업·상품,IT,아프리카,"탄자니아, 모바일 애플리케이션시장에 주목하라",탄자니아,다레살람무역관,2018-06-02,2122,99,166729
산업·상품,IT,아프리카,"케냐, 아프리카 스타트업 허브로 떠올라",케냐,나이로비무역관,2018-07-06,1791,0,167603
현장·인터뷰,IT,아프리카,탄자니아 국영통신사 'TTCL' 방문 취재,탄자니아,다레살람무역관,2018-09-21,1106,0,169736
산업·상품,IT,아프리카,콩고민주공화국-가봉 광케이블 망 연결,콩고민주공화국,킨샤사무역관,2018-03-28,2232,0,165360
산업·상품,IT,유럽,"암스테르담, 유럽을 대표하는 스마트시티로 거듭나나",네덜란드,암스테르담무역관,2018-06-30,2274,0,167450
산업·상품,IT,유럽,"이탈리아, 산업 4.0으로 ICT시장 성장",이탈리아,밀라노무역관,2018-05-01,2175,0,165975
산업·상품,IT,유럽,빠르게 성장하는 체코 웨어러블 기기 시장,체코,프라하무역관,2018-05-15,2159,0,166195
산업·상품,IT,유럽,"스페인, 유럽 e-스포츠 유망시장으로 급부상",스페인,마드리드무역관,2018-05-28,1955,0,166502
산업·상품,IT,유럽,폴란드 드론시장과 관련 산업 성장 전망,폴란드,바르샤바무역관,2018-05-10,2318,0,166087
경제·무역,IT,일본,"日 QR코드 결제, 연내 규격 통일화",일본,도쿄무역관,2018-06-18,2487,0,166810
현장·인터뷰,IT,일본,흩어진 데이터부터 모으는 일본,일본,오사카무역관,2018-06-14,2105,2,166970
산업·상품,IT,일본,"소니의 강아지형 로봇 aibo, 단순한 애완로봇이 아니다",일본,도쿄무역관,2018-03-07,2987,1,165064
산업·상품,IT,일본,"제조업 중소기업의 4차 산업혁명 도입, 일본의 동향은?",일본,도쿄무역관,2018-07-24,3566,0,168128
산업·상품,IT,중국,中，중국 블록체인 시장동향,중국,충칭무역관,2018-04-26,8373,6,165860
산업·상품,IT,중국,"항저우, 중국 최고의 스마트시티로 거듭나나",중국,항저우무역관,2018-02-27,4168,2,164950
산업·상품,IT,중국,중국 기업 클라우드 시장동향,중국,항저우무역관,2018-02-09,3502,1,164731
산업·상품,IT,중국,"中 스마트홈, 모바일 플랫폼과 간단한 조작법으로 시장 공략",중국,광저우무역관,2018-03-06,3487,6,165057
산업·상품,IT,중남미,"브라질, 모바일 POS시장 대폭 성장",브라질,상파울루무역관,2018-04-24,2549,0,165814
경제·무역,IT,중남미,성장하고 있는 칠레 온라인 시장,칠레,산티아고무역관,2018-04-06,2352,3,165523
산업·상품,IT,중남미,과테말라 광케이블·광패치코드 시장동향,과테말라,과테말라무역관,2018-02-27,2285,0,164957
산업·상품,IT,중남미,"베네수엘라, 각종 사회 문제를 해결하기 위한 스타트업 등장",베네수엘라,카라카스무역관,2018-06-20,1764,0,167088
현장·인터뷰,IT,중남미,파라과이 최초의 한국 스타트업 창업사례,파라과이,아순시온무역관,2018-08-30,1759,3,169195
산업·상품,IT,중동,이스라엘 IT시장 현황,이스라엘,텔아비브무역관,2018-03-15,2729,1,165161
산업·상품,IT,중동,"인터넷 속도 향상을 추진하는 이집트, 한국 기업의 기회는 ?",이집트,카이로무역관,2018-07-03,1442,0,166986
현장·인터뷰,IT,중동,UAE 디지털 마케팅 현지 현장에서 들어보다,아랍에미리트,두바이무역관,2018-10-13,444,2,170132
산업·상품,건설/인프라/플랜트,CIS,러시아 건설 및 건설장비 시장 회복세,러시아,모스크바무역관,2018-03-27,2382,4,165287
경제·무역,건설/인프라/플랜트,CIS,스마트 시티에 눈 뜨기 시작한 시베리아,러시아,노보시비르스크무역관,2018-06-22,2052,0,167095
투자진출,건설/인프라/플랜트,CIS,러시아 민관합작 프로젝트(PPP) 연간 100%이상 성장,러시아,모스크바무역관,2018-02-22,1977,0,164891
산업·상품,건설/인프라/플랜트,CIS,도로 건설 관련 제품 벨라루스 수출 유망품목으로 부상,벨라루스,민스크무역관,2018-08-03,1762,0,168753
투자진출,건설/인프라/플랜트,CIS,"시베리아 톰스크주, 우리 기업들이 투자할만한 분야는?",러시아,노보시비르스크무역관,2018-06-09,1691,0,166891
산업·상품,건설/인프라/플랜트,북미,"캐나다 인프라 시장, 유망산업 부상",캐나다,밴쿠버무역관,2018-04-26,3179,3,165836
경제·무역,건설/인프라/플랜트,북미,"트럼프 행정부, 美 인프라 재건 투자계획 발표",미국,워싱톤무역관,2018-02-14,2665,0,164813
산업·상품,건설/인프라/플랜트,북미,캘리포니아 주택난 해소 법안과 건축 자재 시장동향,미국,로스앤젤레스무역관,2018-02-23,2297,2,164887
산업·상품,건설/인프라/플랜트,북미,신재생 에너지 보급확대로 각광받는 에너지저장시스템시장,미국,디트로이트무역관,2018-05-19,1773,0,166356
산업·상품,건설/인프라/플랜트,북미,"미국 P3인프라 시장, 우리기업의 도전의지가 필요한 시점",미국,워싱톤무역관,2018-05-23,1490,0,166415
산업·상품,건설/인프라/플랜트,아시아,최근 베트남 인프라 건설 시장동향 및 이슈,베트남,호치민무역관,2018-03-06,8044,5,165007
통상·규제,건설/인프라/플랜트,아시아,"베트남, 인프라 개발 위해 PPP 투자 유치 희망",베트남,호치민무역관,2018-05-25,3719,3,166495
산업·상품,건설/인프라/플랜트,아시아,"인도네시아 정부 인프라 사업 참여, 민간기업도 가능",인도네시아,자카르타무역관,2018-06-06,3123,0,166789
산업·상품,건설/인프라/플랜트,아시아,"아세안의 배터리, 라오스 발전 프로젝트 동향",라오스,비엔티안무역관,2018-04-30,2443,0,165956
산업·상품,건설/인프라/플랜트,아시아,필리핀 건설 시장동향,필리핀,마닐라무역관,2018-04-14,3467,0,165628
산업·상품,건설/인프라/플랜트,아프리카,모잠비크 건설중장비 부품 시장동향,모잠비크,마푸투무역관,2018-03-29,2194,0,165354
투자진출,건설/인프라/플랜트,아프리카,미리보는 2018/19 탄자니아 개발 계획,탄자니아,다레살람무역관,2018-05-18,2036,93,166346
산업·상품,건설/인프라/플랜트,아프리카,이 기관들을 알면 아프리카 프로젝트가 보인다,케냐,나이로비무역관,2018-05-30,2027,0,166509
투자진출,건설/인프라/플랜트,아프리카,"동아프리카의 관문, 다레살람 공항 증축 임박",탄자니아,다레살람무역관,2018-04-20,1937,1,165741
산업·상품,건설/인프라/플랜트,아프리카,"모잠비크 건설업체들, 천장보드 수입선 다변화 시도",모잠비크,마푸투무역관,2018-04-26,1685,0,165887
산업·상품,건설/인프라/플랜트,유럽,유럽 연결 프로젝트(CEF): ① 운송 분야,벨기에,브뤼셀무역관,2018-02-13,2195,1,164733
산업·상품,건설/인프라/플랜트,유럽,유럽 연결 프로젝트(CEF): ② 에너지 및 통신 분야,벨기에,브뤼셀무역관,2018-02-13,1987,0,164734
투자진출,건설/인프라/플랜트,유럽,유럽 연결 프로젝트(CEP): ③ 기금 및 시사점,벨기에,브뤼셀무역관,2018-02-13,1866,1,164735
산업·상품,건설/인프라/플랜트,유럽,"스페인, 한국 기업과 해외건설시장 공동진출에 높은 관심",스페인,마드리드무역관,2018-06-12,1998,1,166869
산업·상품,건설/인프라/플랜트,유럽,크로아티아 건설 산업동향과 우리 기업 진출기회,크로아티아,자그레브무역관,2018-05-07,1937,0,165960
산업·상품,건설/인프라/플랜트,유럽,헝가리의 건설시장 성장과 우리 기업의 진출방향,헝가리,부다페스트무역관,2018-03-29,2055,1,165355
산업·상품,건설/인프라/플랜트,일본,"일본의 잘 나가는 리모델링 기업, 그 비결은?",일본,후쿠오카무역관,2018-09-19,1453,0,169658
산업·상품,건설/인프라/플랜트,중국,재편되고 있는 중국 인테리어 시장,중국,창사무역관,2018-03-30,2681,0,165388
현장·인터뷰,건설/인프라/플랜트,중남미,"아르헨티나 에너지 개발의 중심, Neuqu?n주 방문기",아르헨티나,부에노스아이레스무역관,2018-03-07,1819,2,165046
산업·상품,건설/인프라/플랜트,중남미,"콜롬비아 건설산업, 공공프로젝트가 주도",콜롬비아,보고타무역관,2018-02-20,2246,2,164849
산업·상품,건설/인프라/플랜트,중남미,"쿠바, 다목적 수로사업으로 물 부족 극복한다",쿠바,아바나무역관,2018-02-23,1967,1,164900
투자진출,건설/인프라/플랜트,중남미,브라질에 쏟아지는 '차이나 머니',브라질,상파울루무역관,2018-03-08,3187,0,165100
산업·상품,건설/인프라/플랜트,중남미,2018 페루 건설 프로젝트시장,페루,리마무역관,2018-04-03,1962,1,165050
통상·규제,건설/인프라/플랜트,중동,"UAE 최대 국영 석유회사 ADNOC, ICV 인증제도 도입",아랍에미리트,두바이무역관,2018-04-12,2737,1,165594
산업·상품,건설/인프라/플랜트,중동,이라크 재건사업 진출과 쿠웨이트의 전략적 가치,쿠웨이트,쿠웨이트무역관,2018-04-17,2448,0,165577
산업·상품,건설/인프라/플랜트,중동,사우디아라비아 '키디야 프로젝트',사우디아라비아,리야드무역관,2018-05-31,2102,1,166561
산업·상품,건설/인프라/플랜트,중동,"UAE, 세계적 랜드마크 개발 주연배우로, 주거 및 상업 지구는 무대로 장식하다",아랍에미리트,두바이무역관,2018-04-14,2026,0,165656
현장·인터뷰,건설/인프라/플랜트,중동,2018 이라크 재건회의 참관기,쿠웨이트,쿠웨이트무역관,2018-02-15,1654,1,164833
산업·상품,관광/교육/서비스,CIS,지속적으로 발전하는 러시아 관광시장,러시아,상트페테르부르크무역관,2018-04-21,2258,0,165787
산업·상품,관광/교육/서비스,CIS,"러시아 E-Learning시장, 외국어 교육이 대세",러시아,모스크바무역관,2018-04-29,2134,0,165880
칼럼·기고,관광/교육/서비스,북미,[무역관 르포] 미국 상표출원을 위한 사전 검색 가이드라인,미국,뉴욕무역관,2018-03-29,1932,1,165342
칼럼·기고,관광/교육/서비스,북미,[무역관 르포]상표권 분쟁 횡포(Trademark Bullying) 대응 방안,미국,뉴욕무역관,2018-04-14,1335,0,165648
산업·상품,관광/교육/서비스,북미,꾸준히 성장하는 미국 언어학습 소프트웨어 시장,미국,시카고무역관,2018-07-14,1248,0,167916
산업·상품,관광/교육/서비스,북미,"미국 교육용 완구시장, 학부모들의 STEM 교육에 대한 관심으로 수요 급증",미국,로스앤젤레스무역관,2018-05-05,7052,0,166022
산업·상품,관광/교육/서비스,아시아,쇼핑몰 입점 레스토랑으로 본 베트남 외식시장 트렌드,베트남,하노이무역관,2018-04-24,4495,0,165805
산업·상품,관광/교육/서비스,아시아,"베트남 사교육 1순위, 영어교육",베트남,호치민무역관,2018-07-06,3509,2,167637
현장·인터뷰,관광/교육/서비스,아시아,"베트남에서 뜨는 한국어, 전문강사는 부족",베트남,호치민무역관,2018-10-31,2356,1,170624
산업·상품,관광/교육/서비스,아시아,외국인에게 활짝 문을 연 미얀마 교육시장,미얀마,양곤무역관,2018-05-15,2347,2,166084
산업·상품,관광/교육/서비스,아시아,캄보디아 관광산업의 호조가 우리에게 주는 의미는,캄보디아,프놈펜무역관,2018-05-24,2243,1,166453
산업·상품,관광/교육/서비스,아시아,쑥쑥 자라는 베트남 키즈카페 시장,베트남,호치민무역관,2018-08-21,5128,5,169022
칼럼·기고,관광/교육/서비스,아시아,[전문가 기고] 베트남 부동산 투자 유의사항,베트남,하노이무역관,2018-06-12,4209,1,166854
산업·상품,관광/교육/서비스,아프리카,"탄자니아, 급부상 중인 관광산업에 주목해야",탄자니아,다레살람무역관,2018-05-29,2055,100,166562
칼럼·기고,관광/교육/서비스,아프리카,"[무역관 르포] 새로운 만남이 가져온 새로운 시장, 탄자니아 SNS 마켓",탄자니아,다레살람무역관,2018-08-24,931,1,169072
산업·상품,관광/교육/서비스,유럽,"헝가리, 유럽 최초 스마트 호텔 도입",헝가리,부다페스트무역관,2018-07-07,2174,2,167702
산업·상품,관광/교육/서비스,유럽,"프랑스, 온라인 여행시장 성행 중",프랑스,파리무역관,2018-06-23,1806,0,167233
현장·인터뷰,관광/교육/서비스,유럽,영국 최대 교육기자재 박람회(BETT 2018) 참관기,영국,런던무역관,2018-03-29,1321,0,165370
산업·상품,관광/교육/서비스,유럽,"독일, 공유자전거 어디까지 타봤니",독일,프랑크푸르트무역관,2018-09-18,630,1,169577
칼럼·기고,관광/교육/서비스,일본,"[무역관 르포] 일본, 공유도시 추진으로 도시문제 해결 도모",일본,후쿠오카무역관,2018-03-06,2866,3,165058
경제·무역,관광/교육/서비스,일본,日 골든위크 여행객을 잡아라,일본,오사카무역관,2018-04-13,2386,1,165600
투자진출,관광/교육/서비스,일본,잡아라 한국인 관광객의 마음! 일본 시장에서 활약하는 한국 기업들,일본,도쿄무역관,2018-06-29,2065,0,167168
산업·상품,관광/교육/서비스,일본,日 부유층 대상 비즈니스의 방향이 바뀐다: 쁘띠 부유층을 잡아라,일본,나고야무역관,2018-07-05,1390,1,167581
칼럼·기고,관광/교육/서비스,일본,"[무역관 르포] 일본, 국제회의 중심지로 재도약 추진",일본,후쿠오카무역관,2018-07-24,1314,0,168214
경제·무역,관광/교육/서비스,중국,中 자녀 교육비에 연간 1조9천억 위안 지출해,중국,선양무역관,2018-04-25,2659,0,165853
현장·인터뷰,관광/교육/서비스,중국,인터뷰로 알아보는 홍콩의 변호사 제도 및 법적 이슈,홍콩,홍콩무역관,2018-07-25,2497,0,167754
산업·상품,관광/교육/서비스,중국,中 프랜차이즈 카페 시장동향,중국,선양무역관,2018-05-11,2458,0,166157
산업·상품,관광/교육/서비스,중국,"중국의 이색 일자리, 호텔 수면 전문 테스터",중국,선양무역관,2018-09-28,2388,0,169256
투자진출,관광/교육/서비스,중국,"톈진, 징진지 문화콘텐츠 산업 배후기지로 발전 중",중국,톈진무역관,2018-02-28,2359,3,164971
산업·상품,관광/교육/서비스,중국,변화하는 중국 외식산업 트렌드 및 유의사항,중국,톈진무역관,2018-09-07,1276,11,169400
현장·인터뷰,관광/교육/서비스,중남미,Bienvenido a Colombia! 제37회 콜롬비아 관광박람회 참관기,콜롬비아,보고타무역관,2018-03-13,1855,0,165105
산업·상품,관광/교육/서비스,중남미,"파나마 호텔산업, 에어비앤비에 전쟁을 선포하다",파나마,파나마무역관,2018-06-05,1494,0,166667
산업·상품,관광/교육/서비스,중남미,떠오르는 칠레 음식배달 산업,칠레,산티아고무역관,2018-07-14,1429,0,167904
현장·인터뷰,관광/교육/서비스,중남미,2018 파나마 국제 관광 전시회 참관후기,파나마,파나마무역관,2018-06-06,1028,0,166668
산업·상품,관광/교육/서비스,중동,오만 관광산업 동향 및 최근 정책 변화,오만,무스카트무역관,2018-06-11,1538,0,165952
산업·상품,관광/교육/서비스,중동,카타르 교육현황으로 보는 교육기자재 시장 진출 가능성,카타르,도하무역관,2018-06-06,1492,0,166745
경제·무역,관광/교육/서비스,중동,높은 실업률에 고통받는 이란 노동시장,이란,테헤란무역관,2018-04-05,2508,2,165509
현장·인터뷰,관광/교육/서비스,중동,2018 대전·화성시 중동 무역사절단 상담회 참관기,터키,이스탄불무역관,2018-05-25,1118,0,166427
투자진출,광물/에너지,CIS,"블라디보스톡으로 천연가스 공급, 언제 될까",러시아,블라디보스톡무역관,2018-07-16,1560,0,167875
현장·인터뷰,광물/에너지,CIS,2018 모스크바 국제 석유 가스 전시회 참관기,러시아,모스크바무역관,2018-06-29,749,1,167395
통상·규제,광물/에너지,북미,미국의 이란 협정 탈퇴가 세계 석유시장에 미치는 영향과 시사점,미국,워싱톤무역관,2018-05-25,2683,0,166470
투자진출,광물/에너지,북미,드디어 닻 올리는 캐나다 LNG 프로젝트...핵심 '꿀팁',캐나다,밴쿠버무역관,2018-06-16,2578,1,166991
산업·상품,광물/에너지,아시아,태동하는 미얀마 태양광 발전 프로젝트,미얀마,양곤무역관,2018-04-26,3015,3,165859
현장·인터뷰,광물/에너지,아시아,인니 광업시장 투자진출정책 발표 현장에 가다,인도네시아,자카르타무역관,2018-04-06,2896,4,165526
산업·상품,광물/에너지,아시아,"신재생 에너지, 캄보디아의 새로운 빛이 될 수 있을까",캄보디아,프놈펜무역관,2018-05-07,2656,0,165903
산업·상품,광물/에너지,아시아,말레이시아 전력 산업동향,말레이시아,쿠알라룸푸르무역관,2018-06-22,1522,0,167145
산업·상품,광물/에너지,아시아,"글로벌 태양광에너지시장의 뜨는 태양, 인도",인도,방갈로르무역관,2018-03-29,2543,1,165393
산업·상품,광물/에너지,아프리카,광물자원 부국 콩고민주공화국 동향,콩고민주공화국,킨샤사무역관,2018-03-28,2530,0,165337
현장·인터뷰,광물/에너지,아프리카,한국-소말리아 에너지 개발 포럼 현장을 가다,케냐,나이로비무역관,2018-05-04,1284,0,166057
산업·상품,광물/에너지,아프리카,수단 광산업(Mining) 동향과 기회,수단,카르툼무역관,2018-08-12,1044,0,168910
현장·인터뷰,광물/에너지,아프리카,美 제재 해제 후 첫 개최된 '수단 광산업 전시포럼'에 가다,수단,카르툼무역관,2018-05-22,1025,0,166407
현장·인터뷰,광물/에너지,아프리카,다시 살아나는 소규모 금광에서 발견한 소형기계 수출의 기회,가나,아크라무역관,2018-08-30,712,3,169217
산업·상품,광물/에너지,유럽,"프랑스, 대규모 ESS 투자 계획 발표",프랑스,파리무역관,2018-04-06,3624,2,165429
산업·상품,광물/에너지,유럽,세르비아 전력산업 현대화와 한국 기업의 프로젝트 기회,세르비아,베오그라드무역관,2018-05-27,2049,0,166492
산업·상품,광물/에너지,유럽,원전으로 발전 다각화를 준비하는 폴란드 전력산업,폴란드,바르샤바무역관,2018-07-03,1538,2,167494
현장·인터뷰,광물/에너지,유럽,2018 폴란드 GreenPower 재생에너지 전시회 참관기,폴란드,바르샤바무역관,2018-05-10,1266,0,165991
현장·인터뷰,광물/에너지,일본,日 관서전력 조달본부 담당자에게 듣는 해외조달 TIP,일본,오사카무역관,2018-04-27,1385,0,165897
산업·상품,광물/에너지,중남미,4차산업과 함께 급부상하는 칠레 리튬산업,칠레,산티아고무역관,2018-03-06,3569,1,165018
경제·무역,광물/에너지,중남미,"쿠바, 에너지 자립 목표로 신규 유전 개발 박차",쿠바,아바나무역관,2018-02-21,2188,0,164876
현장·인터뷰,광물/에너지,중남미,중남미 FTA 발효3국 신재생에너지 쇼케이스 참관기,칠레,산티아고무역관,2018-06-28,1001,0,167337
산업·상품,광물/에너지,중남미,도미니카공화국 전력 시장현황,도미니카공화국,산토도밍고무역관,2018-08-30,638,1,169198
산업·상품,광물/에너지,중남미,"브라질 태양광사업, 올해가 원년이다",브라질,리우데자네이루무역관,2018-04-17,1547,0,165414
산업·상품,광물/에너지,중동,사우디 태양에너지의 새로운 도약,사우디아라비아,리야드무역관,2018-04-11,2509,3,165557
산업·상품,광물/에너지,중동,"모로코, 2030년까지 신재생에너지 이용 발전 52% 달성할 수 있을까?",모로코,카사블랑카무역관,2018-02-11,2364,0,164762
산업·상품,광물/에너지,중동,오만 신재생 에너지 프로젝트 현황 및 시사점,오만,무스카트무역관,2018-06-12,1983,0,166362
산업·상품,광물/에너지,중동,"알제리 에너지효율화 정책, 교통산업 먼저",알제리,알제무역관,2018-06-08,1691,2,166873
현장·인터뷰,광물/에너지,중동,2018 사우디 전력·공조 전시회 참관기,사우디아라비아,리야드무역관,2018-05-15,1192,0,166223
산업·상품,금융,아시아,베트남 뜨는 모바일 결제수단,베트남,호치민무역관,2018-04-15,6805,2,165639
산업·상품,금융,아시아,베트남 전자결제 27개 기업을 잡아라,베트남,호치민무역관,2018-08-07,4448,2,168737
산업·상품,금융,아시아,필리핀 ATM 시장동향,필리핀,마닐라무역관,2018-04-14,2199,0,165667
산업·상품,금융,아시아,고속성장 중인 인도 핀테크 시장,인도,뉴델리무역관,2018-06-16,2213,0,167035
경제·무역,금융,아프리카,탄자니아 외환보유액 2년 사이 44% 증가,탄자니아,다레살람무역관,2018-05-17,1932,94,166268
경제·무역,금융,아프리카,"가나 모바일머니 거래량 급증, 현금결제 대체",가나,아크라무역관,2018-06-22,1914,0,167148
칼럼·기고,금융,아프리카,[무역관 르포] 에티오피아 국가채무 현황 및 전망,에티오피아,아디스아바바무역관,2018-03-31,1132,0,165431
투자진출,금융,유럽,"독일, 유럽 핀테크 허브로 급부상",독일,프랑크푸르트무역관,2018-04-23,2573,0,165682
투자진출,금융,유럽,헝가리 금융제도와 제4차 신권 발행,헝가리,부다페스트무역관,2018-07-14,1421,2,167908
산업·상품,금융,유럽,"네덜란드 진출 스타트업을 위한 기회, 크라우드 펀딩",네덜란드,암스테르담무역관,2018-08-14,1177,0,168238
산업·상품,금융,일본,"현금주의' 일본, 모바일 결제시장은 어떠한가?",일본,도쿄무역관,2018-02-27,4790,0,164953
산업·상품,금융,일본,일본 젊은층들에게 핀테크는 貧테크다!,일본,도쿄무역관,2018-05-15,2636,0,166170
통상·규제,금융,중국,중국 금융개방에 대만 금융권 큰 기대감,대만,타이베이무역관,2018-04-17,2273,0,165692
경제·무역,금융,중남미,"베네수엘라, 국가 발행 가상화폐 '페트로' 판매 시작",베네수엘라,카라카스무역관,2018-03-26,7027,4,165300
칼럼·기고,금융,중남미,[전문가 기고] 크레딧의 파괴력,파나마,파나마무역관,2018-04-07,1771,3,165549
현장·인터뷰,금융,중남미,"아르헨티나, 재수끝에 MSCI Emerging Market 지수 편입 노린다",아르헨티나,부에노스아이레스무역관,2018-02-20,1606,0,164848
경제·무역,금융,중남미,강세 보이는 콜롬비아 페소화,콜롬비아,보고타무역관,2018-02-10,1585,0,164759
산업·상품,기계류,CIS,"러시아 3D 프린터 시장, 초기 단계로 외국산이 시장 주도",러시아,모스크바무역관,2018-05-30,1442,0,166642
산업·상품,기계류,CIS,러시아 엘리베이터 시장동향,러시아,모스크바무역관,2018-06-15,1382,0,166978
현장·인터뷰,기계류,CIS,러시아 최대 산업전시회 INNOPROM에 가다!,러시아,모스크바무역관,2018-08-04,1044,0,168754
현장·인터뷰,기계류,북미,미국 방송장비 전시회 NAB 2018 참관기,미국,로스앤젤레스무역관,2018-04-19,6685,0,165665
투자진출,기계류,북미,론스타(Lone Star) 텍사스: 제조업 현황과 기회,미국,달라스무역관,2018-05-17,2415,0,166236
산업·상품,기계류,북미,"미국 3D 프린터시장, 자동차 부품시장과 함께 성장",미국,디트로이트무역관,2018-08-30,1937,1,169127
산업·상품,기계류,북미,갈수록 스마트해지는 산업용 저울제품들,미국,시카고무역관,2018-04-21,2211,0,165726
산업·상품,기계류,북미,다시 뜨거워지는 미국 일반기계시장,미국,시카고무역관,2018-04-21,2048,0,165725
통상·규제,기계류,아시아,"몽골 정부, 농업분야 일부 수입물품의 부가세 면제키로",몽골,울란바토르무역관,2018-04-28,2288,0,165909
산업·상품,기계류,아시아,방글라데시 플라스틱산업 시장동향,방글라데시,다카무역관,2018-05-05,2097,0,166008
산업·상품,기계류,아시아,파키스탄 자수기 시장 진입방안은?,파키스탄,카라치무역관,2018-04-28,1881,0,165927
산업·상품,기계류,아시아,"베트남 공작기계, 브랜드로 팔린다",베트남,호치민무역관,2018-07-20,1879,0,168138
산업·상품,기계류,아시아,태국을 이끌어갈 미래산업 1-로봇 공학,태국,방콕무역관,2018-07-20,1624,0,168101
산업·상품,기계류,아프리카,수단 광산장비 수요동향,수단,카르툼무역관,2018-02-12,2115,0,164769
산업·상품,기계류,유럽,"그리스, 선박용 스크러버 관심 증가",그리스,아테네무역관,2018-03-29,3832,3,165356
산업·상품,기계류,유럽,프랑스 3D 프린팅시장 발전방향,프랑스,파리무역관,2018-04-20,2467,0,165764
산업·상품,기계류,유럽,"만년설의 스위스, 지구 온난화로 제설장비부품 수요 증가",스위스,취리히무역관,2018-02-13,2313,2,164782
산업·상품,기계류,유럽,슬로바키아의 공장자동화와 로봇암 시장동향,슬로바키아,브라티슬라바무역관,2018-07-21,2200,0,168152
산업·상품,기계류,유럽,이탈리아 공작기계 시장동향,이탈리아,밀라노무역관,2018-08-01,2021,0,168683
현장·인터뷰,기계류,일본,일본 바이어에게 듣는다: 공작기계 시장 진출방안,일본,나고야무역관,2018-04-03,2544,0,165463
산업·상품,기계류,일본,일본 선박용 엔진부품 시장동향,일본,오사카무역관,2018-07-27,2230,0,168106
산업·상품,기계류,일본,"개발지연으로 어려움을 겪는 日 MRJ, 한국과의 협력 가능성은?",일본,오사카무역관,2018-05-14,1934,0,166164
산업·상품,기계류,일본,"공업제품 日 수출 시 필요한 JIS 인증, 손쉬운 취득법은?",일본,도쿄무역관,2018-07-09,1550,1,167200
산업·상품,기계류,일본,일본 초저온탱크 시장동향,일본,도쿄무역관,2018-06-12,1415,0,166496
산업·상품,기계류,중국,"中 굴삭기 제2호황, 아직 3~5년 남았다!",중국,베이징무역관,2018-05-10,3430,0,166132
산업·상품,기계류,중국,中 로봇청소기 시장동향,중국,시안무역관,2018-04-12,2770,2,165592
산업·상품,기계류,중국,"중국 공업용 로봇시장, 미래가 밝다",중국,칭다오무역관,2018-05-08,2238,0,166041
산업·상품,기계류,중국,다시 살아나는 中 후난성 건설기계시장,중국,창사무역관,2018-03-23,2139,0,165065
산업·상품,기계류,중국,중국 식기세척기 시장동향,중국,칭다오무역관,2018-07-26,1850,0,167820
산업·상품,기계류,중남미,꾸준히 성장하는 파라과이 지게차 시장동향,파라과이,아순시온무역관,2018-04-28,2198,0,165939
산업·상품,기계류,중남미,칠레 광업용 중장비시장 트렌드,칠레,산티아고무역관,2018-08-02,1443,0,168687
산업·상품,기계류,중남미,에콰도르 농기계 시장동향,에콰도르,키토무역관,2018-06-26,1336,0,166883
산업·상품,기계류,중남미,에콰도르의 중장비 및 부품 시장동향,에콰도르,키토무역관,2018-05-29,1272,0,166467
현장·인터뷰,기계류,중남미,2018 파나마 냉방기기 및 건축 안전 전시회 참관후기,파나마,파나마무역관,2018-06-16,1101,0,166799
통상·규제,기계류,중동,UAE 적합성인증(ECAS) 로고 부착 의무화 및 에너지효율 기준 강화,아랍에미리트,두바이무역관,2018-04-03,2135,1,165475
산업·상품,기계류,중동,이스라엘의 건설기계 시장동향,이스라엘,텔아비브무역관,2018-04-09,2107,3,165560
산업·상품,기계류,중동,이집트 증기 보일러 시장동향,이집트,카이로무역관,2018-04-19,1753,0,165516
산업·상품,기계류,중동,"이란, 보일러 및 파이프 밸브 시장동향",이란,테헤란무역관,2018-05-24,1771,0,166443
산업·상품,기계류,중동,"이란, 유압 브레이커 시장동향",이란,테헤란무역관,2018-05-24,1724,0,166444
현장·인터뷰,농림수산식품,CIS,2018 우즈베키스탄 국제 농업 전시회(AGROWORLD 2018) 참관기,우즈베키스탄,타슈켄트무역관,2018-04-04,2115,2,165428
산업·상품,농림수산식품,CIS,"러시아, 바쁜 현대인들을 위한 식재료 배송 서비스 인기",러시아,상트페테르부르크무역관,2018-03-30,2190,0,165418
산업·상품,농림수산식품,CIS,러시아도 '건강한 간식' 열풍,러시아,상트페테르부르크무역관,2018-05-04,2041,0,166056
산업·상품,농림수산식품,CIS,"증가하는 온실, 스마트농업 수요와 함께 증가하는 국가, 기업 간 경쟁",우즈베키스탄,타슈켄트무역관,2018-06-07,1912,0,166703
산업·상품,농림수산식품,CIS,키르기스스탄 농업 시장동향,카자흐스탄,알마티무역관,2018-05-25,1898,0,166504
산업·상품,농림수산식품,북미,"간편한 한 끼, 밀 키트(Meal Kit)가 뜬다",미국,달라스무역관,2018-02-16,12908,3,164838
산업·상품,농림수산식품,북미,"실리콘밸리의 미래 먹거리, 푸드테크의 진화",미국,실리콘밸리무역관,2018-04-18,8957,6,165699
통상·규제,농림수산식품,북미,미국 식품과 의약품 날짜표기법,미국,로스앤젤레스무역관,2018-04-21,7172,0,165782
산업·상품,농림수산식품,북미,건강한 냉동식품으로 따라잡는 미국 식품시장 트렌드,미국,로스앤젤레스무역관,2018-05-05,7642,0,166017
산업·상품,농림수산식품,북미,미국 핫소스 시장동향,미국,로스앤젤레스무역관,2018-05-05,6534,0,166025
통상·규제,농림수산식품,아시아,베트남 식품안전 관련 비관세장벽 대거 완화,베트남,하노이무역관,2018-03-06,5782,2,165006
현장·인터뷰,농림수산식품,아시아,베트남 100대 브랜드 선정 ‘K마켓’ 대표에게 듣는 베트남 식품유통시장 진출 노하우,베트남,하노이무역관,2018-02-13,5128,0,164745
산업·상품,농림수산식품,아시아,인도네시아 팜유 산업동향,인도네시아,수라바야무역관,2018-04-01,4311,1,165436
산업·상품,농림수산식품,아시아,고품질 원두로 성장하는 미얀마 커피산업,미얀마,양곤무역관,2018-03-13,3816,1,165066
산업·상품,농림수산식품,아시아,베트남 대도시에서 가장 잘 팔리는 일용소비재는 ‘우유’,베트남,하노이무역관,2018-07-02,3579,2,167459
현장·인터뷰,농림수산식품,아프리카,HOSTEX 2018을 통해 알아보는 남아공 식음료 시장 트렌드,남아프리카공화국,요하네스버그무역관,2018-05-10,1692,0,166121
산업·상품,농림수산식품,아프리카,"남아공 즉석식품 시장, 아시안 푸드 주목",남아프리카공화국,요하네스버그무역관,2018-06-23,1412,1,167111
산업·상품,농림수산식품,아프리카,남아공에서도 푸드트럭이 뜬다!,남아프리카공화국,요하네스버그무역관,2018-07-18,1411,0,168016
산업·상품,농림수산식품,아프리카,수단의 농축산업현황과 기회,수단,카르툼무역관,2018-08-14,1122,0,168944
경제·무역,농림수산식품,유럽,슈퍼푸드 퀴노아(Quinoa) 재수출로 각광받는 네덜란드,네덜란드,암스테르담무역관,2018-02-22,3291,3,164778
산업·상품,농림수산식품,유럽,"요리하는 즐거움, 레시피 박스로 준비하는 건 어떠세요?",영국,런던무역관,2018-04-13,2171,0,165623
산업·상품,농림수산식품,유럽,"한국의 알로에맛, 동유럽을 사로잡다",루마니아,부쿠레슈티무역관,2018-03-29,2501,0,165310
산업·상품,농림수산식품,유럽,"獨 대형 백화점에 아시아 식품점 입점, 한국식품의 기회는",독일,함부르크무역관,2018-05-11,3356,1,166169
산업·상품,농림수산식품,유럽,"가계소득 늘어나는 슬로바키아, 가공식품 시장진출은?",슬로바키아,브라티슬라바무역관,2018-02-23,2077,0,164920
산업·상품,농림수산식품,유럽,영국의 애그리테크(Agri-Tech) 산업과 스타트업,영국,런던무역관,2018-06-08,2421,0,166801
산업·상품,농림수산식품,일본,POS 데이터를 통해 본 日 가공식품시장 트렌드,일본,오사카무역관,2018-03-12,3873,1,165113
산업·상품,농림수산식품,일본,"日, 무더위 특수를 누린 의외의 제품들",일본,후쿠오카무역관,2018-08-08,3119,4,168819
통상·규제,농림수산식품,일본,"日, 맥주 정의 변경으로 시장 활성화 도모",일본,도쿄무역관,2018-02-22,3035,2,164881
산업·상품,농림수산식품,일본,"日 기업, 수산업-IT기술 접목 가속화",일본,후쿠오카무역관,2018-02-19,2752,3,164855
산업·상품,농림수산식품,일본,일본의 장어 품귀상태 대안은?,일본,도쿄무역관,2018-07-24,3454,1,168177
산업·상품,농림수산식품,중국,中 커피 시장동향,중국,충칭무역관,2018-03-28,4122,0,165332
산업·상품,농림수산식품,중국,중국 생수 시장동향,중국,선전무역관,2018-05-17,3191,0,168974
산업·상품,농림수산식품,중국,나날이 성장하는 중국 화훼산업을 주목하라,중국,선전무역관,2018-04-20,3022,0,165738
산업·상품,농림수산식품,중국,중국 수산물 산업동향,중국,다롄무역관,2018-03-03,2837,2,164991
산업·상품,농림수산식품,중국,중국 조미료 시장 현황 및 전망,중국,선전무역관,2018-03-27,2818,1,165305
현장·인터뷰,농림수산식품,중국,2018 중국 국제 식품 요식업 박람회 심층 참관기,중국,창사무역관,2018-09-29,953,58,169923
산업·상품,농림수산식품,중남미,"땅에서 자라는 황금, 콜롬비아 커피",콜롬비아,보고타무역관,2018-05-31,2159,0,166666
산업·상품,농림수산식품,중남미,에콰도르 주류시장 현황 및 진출전략,에콰도르,키토무역관,2018-05-06,2159,0,165953
산업·상품,농림수산식품,중남미,"100세 시대 필수식품, 페루 슈퍼푸드 시장 속으로",페루,리마무역관,2018-07-17,2086,1,167919
산업·상품,농림수산식품,중남미,에콰도르 참치산업 현황,에콰도르,키토무역관,2018-04-16,2074,0,165666
산업·상품,농림수산식품,중남미,브라질 웰빙·건강식품 시장동향,브라질,상파울루무역관,2018-06-19,1983,0,166833
산업·상품,농림수산식품,중동,카타르 커피산업 성장과 우리기업 진출 기회,카타르,도하무역관,2018-05-03,2062,0,166013
산업·상품,농림수산식품,중동,카타르 식품 수입 시장과 한국 식품 유통 동향,카타르,도하무역관,2018-06-21,1576,0,167020
산업·상품,농림수산식품,중동,"유기농 식품, 쿠웨이트 식품시장의 떠오르는 트렌드",쿠웨이트,쿠웨이트무역관,2018-06-14,1500,0,166930
산업·상품,농림수산식품,중동,이제는 UAE 어디서나 살 수 있는 한국 라면,아랍에미리트,두바이무역관,2018-08-10,1416,1,168846
현장·인터뷰,문화콘텐츠,CIS,"CIS 지역 최초, 모스크바에서 2018 한류박람회 개최",러시아,모스크바무역관,2018-05-19,1273,0,166350
산업·상품,문화콘텐츠,북미,성장하는 미국 내 K-Pop 시장,미국,시카고무역관,2018-06-16,5126,6,167022
산업·상품,문화콘텐츠,북미,미국 광고산업 트렌드를 통해 알아보는 효율적인 마케팅 전략,미국,로스앤젤레스무역관,2018-06-02,2064,0,166524
현장·인터뷰,문화콘텐츠,북미,"세계 최대 게임 개발자 콘퍼런스, GDC 2018 참관기",미국,실리콘밸리무역관,2018-03-30,1568,1,165318
현장·인터뷰,문화콘텐츠,북미,"미국, 한류 페스티벌 KCON 2018 LA 참관기",미국,로스앤젤레스무역관,2018-08-18,1016,2,168998
산업·상품,문화콘텐츠,아시아,잠재력 풍부한 호주 게임시장,호주,멜버른무역관,2018-03-14,3099,1,165166
산업·상품,문화콘텐츠,아시아,언어만큼 다양한 인도 미디어·엔터테인먼트 산업동향,인도,첸나이무역관,2018-04-21,2900,0,165788
산업·상품,문화콘텐츠,아시아,젊은 층 공략! 태국 넷 아이돌(인플루언서) 마케팅,태국,방콕무역관,2018-07-06,2185,0,167601
현장·인터뷰,문화콘텐츠,아시아,현지화 전략으로 탄생한 한-미얀마-태국 합작 아이돌,미얀마,양곤무역관,2018-06-08,2048,2,166772
산업·상품,문화콘텐츠,아프리카,탄자니아 사람들이 멀티미디어를 즐기는 법,탄자니아,다레살람무역관,2018-07-15,1755,101,167778
산업·상품,문화콘텐츠,유럽,"체코 게임, 독창성으로 세계 게임시장 공략",체코,프라하무역관,2018-04-20,2123,0,165763
산업·상품,문화콘텐츠,유럽,"급성장 중인 슬로바키아 영화시장, 한국 영화의 자리는?",슬로바키아,브라티슬라바무역관,2018-03-29,1889,0,165371
통상·규제,문화콘텐츠,유럽,EU 저작권법 개혁안 부결,프랑스,파리무역관,2018-07-07,1364,0,167678
산업·상품,문화콘텐츠,일본,"일본의 모바일 게임시장, 성숙기임에도 기회는 존재",일본,도쿄무역관,2018-03-20,3197,1,165145
산업·상품,문화콘텐츠,일본,"日 동영상 서비스시장, 한류 콘텐츠의 신규 진출 필요",일본,도쿄무역관,2018-03-27,2573,0,165308
산업·상품,문화콘텐츠,일본,인스타그램을 활용한 마케팅 열기가 뜨거운 일본,일본,오사카무역관,2018-06-15,1906,0,167004
산업·상품,문화콘텐츠,일본,"일본, 신개념 ‘버추얼 유튜버’ 인기",일본,오사카무역관,2018-08-23,1880,1,169043
현장·인터뷰,문화콘텐츠,중국,중국 왕홍 마케팅 현장 보고,중국,우한무역관,2018-05-04,4394,2,166027
산업·상품,문화콘텐츠,중국,"中, 떠오르는 네이티브 광고 시장",중국,광저우무역관,2018-02-28,3440,7,164907
산업·상품,문화콘텐츠,중국,"中 게임시장 승승장구, 놓칠 수 없는 시장",중국,광저우무역관,2018-02-14,3219,3,164821
산업·상품,문화콘텐츠,중국,이차원 경제를 통해 본 중국 문화산업의 발전,중국,상하이무역관,2018-03-16,2873,1,165193
산업·상품,문화콘텐츠,중국,"대만, 개인방송시장 급성장… 3년 새 24배",대만,타이베이무역관,2018-04-20,2714,0,165731
산업·상품,문화콘텐츠,중국,중국의 세분화되는 게임시장을 주목하라,중국,상하이무역관,2018-04-16,2590,0,165633
현장·인터뷰,문화콘텐츠,중남미,2018 리우데자네이루 콘텐츠 박람회 참관기,브라질,리우데자네이루무역관,2018-04-17,1542,1,165660
칼럼·기고,문화콘텐츠,중동,"이란, 장수 인기드라마 “샤흐르저드(Shahrzad)”의 매력과 성공 요인",이란,테헤란무역관,2018-04-05,1800,3,165506
산업·상품,문화콘텐츠,중동,"터키 소비재시장, SNS 마케팅 활용 공략하기",터키,이스탄불무역관,2018-04-02,2763,0,165455
경제·무역,산업일반,CIS,美 추가제재 발표에 따른 러시아 경제 영향 분석(1),러시아,모스크바무역관,2018-04-12,3198,1,165609
경제·무역,산업일반,CIS,러시아 대선 전망 및 후보자 주요 공약,러시아,모스크바무역관,2018-03-14,3026,0,165144
경제·무역,산업일반,CIS,"영국 내 러시아 전 스파이 암살시도, 극단으로 치닫는 러-서방 관계",러시아,모스크바무역관,2018-04-10,2520,3,165581
경제·무역,산업일반,CIS,통계로 들여다보는 2017년 연해주 산업 및 경제,러시아,블라디보스톡무역관,2018-05-10,2207,0,166101
경제·무역,산업일반,CIS,2018년 카자흐스탄에 일어나는 변화들,카자흐스탄,알마티무역관,2018-02-12,3560,1,164743
경제·무역,산업일반,CIS,2017년 한-우즈베키스탄 무역·투자동향 및 2018년 전망,우즈베키스탄,타슈켄트무역관,2018-04-24,3180,0,165540
통상·규제,산업일반,CIS,우즈베크 2019년 1월 1일부 관세·소비세 변경,우즈베키스탄,타슈켄트무역관,2018-09-07,2673,0,168751
경제·무역,산업일반,CIS,2017년 극동러시아 교역동향,러시아,블라디보스톡무역관,2018-05-11,2404,0,166150
투자진출,산업일반,CIS,극동러시아 선도개발구역 인프라 공사 어떻게 되고 있나,러시아,블라디보스톡무역관,2018-03-28,2149,1,165212
통상·규제,산업일반,북미,미중 기술패권 다툼은 제2의 무역전쟁 도화선,미국,워싱톤무역관,2018-05-24,2965,2,166439
투자진출,산업일반,북미,미국 뉴저지주 투자 진출 환경과 인센티브(2),미국,뉴욕무역관,2018-04-21,2017,0,165778
산업·상품,산업일반,북미,미국 소비자들 “‘착한 기업’이 좋아”,미국,뉴욕무역관,2018-04-21,2717,1,165780
경제·무역,산업일반,북미,미국 진출을 위해 Z세대를 공략하라,미국,로스앤젤레스무역관,2018-03-06,4767,5,165021
통상·규제,산업일반,북미,"2017년 미국 무역통계, 교역적자 증가보다 주목해야 할 5가지 특이점",미국,워싱톤무역관,2018-02-16,3729,1,164839
통상·규제,산업일반,북미,"트럼프 행정부, 대중국 301조 관세 부과 결정",미국,워싱톤무역관,2018-06-16,2774,0,167027
산업·상품,산업일반,북미,포스트 리얼리즘에 접어든 미국 스마트홈시장,미국,시카고무역관,2018-05-08,2731,1,166018
경제·무역,산업일반,아시아,"연일 하락하는 호주달러, 원인과 대책은?",호주,멜버른무역관,2018-06-30,3620,0,167350
투자진출,산업일반,아시아,필리핀 기업 TOP 1000 순위,필리핀,마닐라무역관,2018-03-06,4893,0,164890
경제·무역,산업일반,아시아,말레이시아 14대 총선 결과에 따른 정책방향 및 시사점,말레이시아,쿠알라룸푸르무역관,2018-05-10,4794,4,166141
통상·규제,산업일반,아시아,"인도, 수입물품 관세 전격 인상",인도,뉴델리무역관,2018-02-06,7222,4,164682
투자진출,산업일반,아시아,베트남 투자국 Top 6 관심사는 제각각,베트남,호치민무역관,2018-03-09,6568,3,165117
경제·무역,산업일반,아시아,"2018년 태국 경제, 6년 내 최고성장 가능할까?",태국,방콕무역관,2018-03-30,4953,1,165419
투자진출,산업일반,아시아,"베트남 고용시장 현주소, 청년은 '실업난' · 기업은 '고용난'",베트남,하노이무역관,2018-04-19,4897,0,165703
투자진출,산업일반,아시아,2019년 베트남 최저임금 5.3% 인상 예정,베트남,호치민무역관,2018-08-17,4259,0,168963
현장·인터뷰,산업일반,아시아,2018 충북 인도 뭄바이 무역사절단 참관기,인도,뭄바이무역관,2018-08-31,636,18,169211
경제·무역,산업일반,아프리카,나이지리아와 우리나라의 교역현황,나이지리아,라고스무역관,2018-02-12,1965,0,164771
현장·인터뷰,산업일반,아프리카,에티오피아 국가 비상사태 선포 및 전망,에티오피아,아디스아바바무역관,2018-02-20,2476,1,164860
경제·무역,산업일반,아프리카,2018년 에티오피아 경제동향 및 전망,에티오피아,아디스아바바무역관,2018-05-10,2390,0,165943
경제·무역,산업일반,아프리카,가나 무역사기 시도 사례 분석,가나,아크라무역관,2018-04-25,2381,0,165514
경제·무역,산업일반,아프리카,남아공 2018년 예산안 발표,남아프리카공화국,요하네스버그무역관,2018-02-28,2287,0,164895
경제·무역,산업일반,아프리카,한국의 대가나 무역통계 및 분석,가나,아크라무역관,2018-03-30,2285,0,165335
산업·상품,산업일반,아프리카,"중국의 일대일로사업, 아프리카 어디까지 왔나?",케냐,나이로비무역관,2018-03-27,3136,0,165315
경제·무역,산업일반,아프리카,"남아공 주마 대통령 전격 사임, 경제 전망은?",남아프리카공화국,요하네스버그무역관,2018-02-16,2458,0,164835
통상·규제,산업일반,아프리카,아프리카 최대 시장(AfCFTA)이 열리다!,케냐,나이로비무역관,2018-03-23,2327,0,165286
산업·상품,산업일반,아프리카,"케냐, 향후 5년간 뜰 4대 분야는?",케냐,나이로비무역관,2018-07-12,1819,0,167832
경제·무역,산업일반,유럽,스위스 거시경제 동향,스위스,취리히무역관,2018-03-29,2131,0,165352
경제·무역,산업일반,유럽,"이탈리아, 연이은 정부 구성 실패로 혼란 확산",이탈리아,밀라노무역관,2018-05-31,1927,0,166663
산업·상품,산업일반,유럽,스위스 Top 스타트업에서 배운다,스위스,취리히무역관,2018-04-13,4666,1,165617
경제·무역,산업일반,유럽,2018년 스웨덴 경제동향 및 전망,스웨덴,스톡홀름무역관,2018-03-20,2750,1,165208
경제·무역,산업일반,유럽,2018 루마니아 경제동향,루마니아,부쿠레슈티무역관,2018-04-11,2394,2,165500
경제·무역,산업일반,유럽,헝가리 총선 결과 및 전망,헝가리,부다페스트무역관,2018-04-10,2370,4,165570
산업·상품,산업일반,유럽,빠르게 성장하는 프랑스 공유경제,프랑스,파리무역관,2018-02-13,3930,1,164784
경제·무역,산업일반,유럽,미?중 무역분쟁 여파 우려 속 독일의 반응,독일,프랑크푸르트무역관,2018-04-26,2917,0,165885
산업·상품,산업일반,유럽,지속 성장 중인 독일의 전시산업,독일,뮌헨무역관,2018-04-04,2660,2,165350
투자진출,산업일반,유럽,"EU, 외국인 투자 스크리닝 규제 마련에 나서",벨기에,브뤼셀무역관,2018-03-08,2617,2,165041
경제·무역,산업일반,일본,"흔들리는 원화 환율, 엔고 불황 당시의 일본 수출기업은?",일본,도쿄무역관,2018-04-27,3208,2,165750
경제·무역,산업일반,일본,"日 오사카, 2025년 엑스포로 재도약할까",일본,오사카무역관,2018-02-15,2404,1,164807
산업·상품,산업일반,일본,일본 ‘집순이’를 사로잡은 히트 아이템은?,일본,나고야무역관,2018-05-02,5265,3,165990
산업·상품,산업일반,일본,마쓰다와 파나소닉에서 배우는 물건이 팔리지 않는 시대의 해답,일본,도쿄무역관,2018-03-05,4807,1,165001
경제·무역,산업일반,일본,2017년 일본 상장기업으로 본 비즈니스 찬스!,일본,도쿄무역관,2018-02-13,4630,1,164720
경제·무역,산업일반,중국,"중국제조 2025, 새로운 로드맵의 발표",중국,상하이무역관,2018-02-23,5538,1,164914
경제·무역,산업일반,중국,"[2018 중국 양회 1] 정부 업무보고, “질적 성장의 신시대” 진입",중국,베이징무역관,2018-03-09,4292,1,165099
투자진출,산업일반,중국,"中, 5월 1일부로 증치세(韓:부가가치세) 세율 인하",중국,베이징무역관,2018-04-11,7886,6,165589
산업·상품,산업일반,중국,"[2018 중국 양회 3] '질적 성장'의 중국, 유망산업과 규제 방향은?",중국,베이징무역관,2018-03-29,4264,0,165373
경제·무역,산업일반,중남미,"IMF ""2018년 아르헨티나 경제, 개혁만이 살길이다""",아르헨티나,부에노스아이레스무역관,2018-03-07,3363,0,165048
통상·규제,산업일반,중남미,아르헨티나 페소화 방어 위해 IMF에 구제금융 요청,아르헨티나,부에노스아이레스무역관,2018-05-11,2661,0,166128
경제·무역,산업일반,중남미,"브라질, 대선 정국 불안 고조",브라질,상파울루무역관,2018-04-07,3466,3,165552
경제·무역,산업일반,중남미,2018년 파라과이 경제 전망,파라과이,아순시온무역관,2018-03-30,3258,0,165365
투자진출,산업일반,중남미,멕시코 투자의 미래는?,멕시코,멕시코시티무역관,2018-03-09,3145,0,165047
경제·무역,산업일반,중남미,2018 콜롬비아 경제동향 및 전망,콜롬비아,보고타무역관,2018-04-17,2873,0,165546
경제·무역,산업일반,중남미,"아르헨티나, 2018년 G20 의장국으로 국제사회의 중심에 선다",아르헨티나,부에노스아이레스무역관,2018-03-10,3265,2,165106
현장·인터뷰,산업일반,중남미,"브라질 2018년 경제전망, 전문가와 10문 10답",브라질,리우데자네이루무역관,2018-03-06,2665,3,164711
통상·규제,산업일반,중남미,CPTPP 체결로 더 개방된 칠레시장,칠레,산티아고무역관,2018-03-10,2358,2,165127
칼럼·기고,산업일반,중남미,[전문가 기고] 멕시코 대선과 우리 기업,멕시코,멕시코시티무역관,2018-08-23,1943,12,169033
경제·무역,산업일반,중남미,"브라질, 미국 금리 인상으로 외환시장 불안 고조",브라질,상파울루무역관,2018-05-10,2546,0,166095
통상·규제,산업일반,중동,美 재무부 JCPOA FAQ 안내,이란,테헤란무역관,2018-05-12,3442,1,166206
투자진출,산업일반,중동,"터키 체류비자, 사회보장협정 마스터하기",터키,이스탄불무역관,2018-04-18,2354,0,165680
통상·규제,산업일반,중동,"이란, 수입품목 분류 신규 기준 발표",이란,테헤란무역관,2018-06-28,3714,0,167353
투자진출,산업일반,중동,이란 환율시장 단일화에 따른 유의사항,이란,테헤란무역관,2018-04-22,3579,3,165789
경제·무역,산업일반,중동,터키 리라화 폭락 원인 및 현지 상황,터키,이스탄불무역관,2018-08-14,3000,0,168939
투자진출,산업일반,중동,UAE 아부다비 최대 항만 프리존 칼리파 산업단지(KIZAD),아랍에미리트,두바이무역관,2018-04-26,2523,0,165855
투자진출,산업일반,중동,분쟁사례를 통해 살펴보는 대이란 진출 시 유의사항,이란,테헤란무역관,2018-05-01,2495,0,165982
칼럼·기고,산업일반,중동,[전문가 기고] 이란 사업 지속여부 검토,이란,테헤란무역관,2018-05-24,2897,0,166431
경제·무역,산업일반,중동,"리라화 환율 하락에 대응하는 터키, 현지 반응은?",터키,이스탄불무역관,2018-05-25,3303,0,166449
산업·상품,생활소비재,CIS,틈새 유망시장 아제르바이잔 벽지시장,아제르바이잔,바쿠무역관,2018-02-16,3012,4,164845
산업·상품,생활소비재,CIS,점점 성장하는 러시아 콘택트렌즈시장,러시아,상트페테르부르크무역관,2018-04-07,2181,2,165536
산업·상품,생활소비재,CIS,우즈베키스탄 화장품 시장동향,우즈베키스탄,타슈켄트무역관,2018-07-04,1767,0,166976
현장·인터뷰,생활소비재,CIS,"러시아 화장품ㆍ미용 박람회 INTERCHARM 참관기, 한국 제품의 위상은?",러시아,모스크바무역관,2018-05-04,1726,0,166015
산업·상품,생활소비재,CIS,"러시아 유아용품시장 트렌드, 어디로 가는가?",러시아,모스크바무역관,2018-04-29,2425,0,165881
산업·상품,생활소비재,CIS,"러시아 바디 용품 시장 변화, 가격과 품질을 모두 충족하는 제품 강세",러시아,모스크바무역관,2018-05-19,1675,0,166327
산업·상품,생활소비재,북미,"미국 뷰티 소비자들, 색조화장품도 천연제품과 유기농제품 찾아",미국,로스앤젤레스무역관,2018-05-02,8130,1,165980
경제·무역,생활소비재,북미,여성 소비자들의 마음을 공략하는 미국 스타트업 기업들,미국,로스앤젤레스무역관,2018-04-07,15179,4,165555
산업·상품,생활소비재,북미,반려동물도 가족처럼. 미국 반려동물 시장이 커진다.,미국,달라스무역관,2018-02-24,5371,3,164936
산업·상품,생활소비재,북미,미국 야외 가구 및 그릴 시장 전망,미국,로스앤젤레스무역관,2018-03-17,5157,0,165153
산업·상품,생활소비재,북미,"미국은 지금, 자체상표 제품 전성시대",미국,뉴욕무역관,2018-03-24,4965,1,165295
산업·상품,생활소비재,북미,1인 세대 겨냥한 새로운 가구시장 흐름,캐나다,토론토무역관,2018-03-01,3964,0,164986
산업·상품,생활소비재,아시아,베트남 숙취해소 음료 시장동향,베트남,호치민무역관,2018-05-22,5698,3,166405
산업·상품,생활소비재,아시아,인도네시아 화장품 시장동향,인도네시아,수라바야무역관,2018-04-30,5057,1,165947
산업·상품,생활소비재,아시아,직장인들의 점심 문화로 본 베트남 시장 HOT 아이템,베트남,하노이무역관,2018-06-15,4642,3,166995
현장·인터뷰,생활소비재,아프리카,부상하는 남아공 소비재시장을 잡아라!,남아프리카공화국,요하네스버그무역관,2018-04-24,1934,1,165831
산업·상품,생활소비재,아프리카,콩고민주공화국 수입 욕실자재 붐업,콩고민주공화국,킨샤사무역관,2018-04-26,1988,0,165884
산업·상품,생활소비재,아프리카,남아공 주거 패턴 변화에 따른 유망 가구제품은?,남아프리카공화국,요하네스버그무역관,2018-04-07,2139,4,165530
산업·상품,생활소비재,아프리카,"코트디부아르 가구시장, 중산층을 공략하라",코트디부아르,아비장무역관,2018-04-26,1793,0,165886
산업·상품,생활소비재,아프리카,케냐 생분해성 비닐봉지 시장동향,케냐,나이로비무역관,2018-06-25,1555,0,167222
산업·상품,생활소비재,유럽,헝가리 미용 및 화장품 시장동향,헝가리,부다페스트무역관,2018-04-07,3719,3,165548
산업·상품,생활소비재,유럽,"독일, 번 아웃(Burn Out) 증후군 급증, 힐링 제품이 뜬다",독일,프랑크푸르트무역관,2018-04-25,3092,1,165807
산업·상품,생활소비재,유럽,"폴란드, 안티스모그 마스크 생활필수품 되나",폴란드,바르샤바무역관,2018-03-20,3071,2,165233
산업·상품,생활소비재,유럽,2018 덴마크 화장품 시장동향,덴마크,코펜하겐무역관,2018-03-26,2944,0,165285
산업·상품,생활소비재,유럽,네덜란드 차(Tea) 시장동향,네덜란드,암스테르담무역관,2018-09-08,938,13,169421
산업·상품,생활소비재,일본,일본 골프용품 시장동향,일본,도쿄무역관,2018-05-16,1970,0,166176
산업·상품,생활소비재,일본,"日, 작게 만드니 빨래판도 잘 팔린다?",일본,후쿠오카무역관,2018-02-13,7543,9,164801
산업·상품,생활소비재,일본,일본의 공기도 안전하지 않다? 주목받는 아이디어 제품들,일본,도쿄무역관,2018-04-05,6311,5,165482
산업·상품,생활소비재,일본,"日, 스메하라 대응 시장 부상",일본,나고야무역관,2018-02-07,4384,4,164707
칼럼·기고,생활소비재,일본,[무역관 르포] 일본의 미니선풍기 열풍! 그 중심에는 한국기업이,일본,도쿄무역관,2018-09-13,4306,2,169249
산업·상품,생활소비재,일본,일본 화장품 시장동향,일본,후쿠오카무역관,2018-06-04,4060,0,166750
산업·상품,생활소비재,중국,중국의 메이크업 화장품 소비 열풍,중국,우한무역관,2018-04-04,7399,6,165493
산업·상품,생활소비재,중국,중국의 떠오르는 블루오션: 반려동물 시장,중국,상하이무역관,2018-04-10,4859,5,165576
산업·상품,생활소비재,중국,中 성공사례를 통해 보는 마스크팩 시장공략,중국,항저우무역관,2018-03-30,9102,3,165345
산업·상품,생활소비재,중국,2017년 중국 온라인에서 잘 팔린 화장품은?,중국,칭다오무역관,2018-03-12,7812,0,164997
산업·상품,생활소비재,중국,"중국 화장품시장 진출 키워드: 고급화, 전자상거래",중국,상하이무역관,2018-03-22,5944,3,165260
산업·상품,생활소비재,중국,"중국 포장산업, '스마트·친환경·안전' 모두 잡는다",중국,난징무역관,2018-02-12,5195,78,164765
산업·상품,생활소비재,중국,중국 칫솔 시장동향,중국,톈진무역관,2018-08-24,1314,26,169085
산업·상품,생활소비재,중국,중국 수입화장품의 8대 트렌드,중국,칭다오무역관,2018-07-26,5944,5,167860
산업·상품,생활소비재,중국,중국 마스크팩 시장동향,중국,칭다오무역관,2018-07-26,5545,3,167826
산업·상품,생활소비재,중남미,코스타리카 뷰티 케어 시장 현황,파나마,파나마무역관,2018-02-24,2351,1,164935
산업·상품,생활소비재,중남미,파나마 및 코스타리카 영유아용품 시장현황,파나마,파나마무역관,2018-02-24,2015,0,164934
산업·상품,생활소비재,중남미,2017년 과테말라 마스크팩 시장동향,과테말라,과테말라무역관,2018-02-09,2686,0,164738
통상·규제,생활소비재,중남미,페루 및 볼리비아 화장품 인증 발급 절차,페루,리마무역관,2018-03-03,2007,1,164960
산업·상품,생활소비재,중남미,브라질 헤어 제품 시장동향,브라질,상파울루무역관,2018-08-06,1981,0,168158
산업·상품,생활소비재,중남미,브라질 애완동물용 제품 시장동향,브라질,상파울루무역관,2018-06-13,1925,0,166802
산업·상품,생활소비재,중동,사우디아라비아 음료 시장동향,사우디아라비아,리야드무역관,2018-05-08,2499,0,166090
산업·상품,생활소비재,중동,UAE 기초 화장품 시장동향,아랍에미리트,두바이무역관,2018-05-12,2238,1,166201
칼럼·기고,생활소비재,중동,[전문가 기고] 이렇게 하면 對 모로코 화장품 수출에 성공할 수 있다,모로코,카사블랑카무역관,2018-04-10,2178,3,165572
칼럼·기고,생활소비재,중동,지금이 모로코 남성용 화장품 시장을 선점할 기회다,모로코,카사블랑카무역관,2018-04-18,2140,0,165700
산업·상품,생활소비재,중동,이스라엘의 리테일 시장동향,이스라엘,텔아비브무역관,2018-05-15,1944,0,166227
산업·상품,섬유/패션,CIS,"러시아 가방시장, 비즈니스 캐주얼을 잡아라!",러시아,모스크바무역관,2018-04-10,2162,4,165527
산업·상품,섬유/패션,CIS,러시아 폴리에스테르 섬유 시장동향,러시아,노보시비르스크무역관,2018-03-23,2551,1,165280
산업·상품,섬유/패션,CIS,2018년 우크라이나 스포츠웨어 시장 전망,우크라이나,키예프무역관,2018-03-08,2157,0,165091
현장·인터뷰,섬유/패션,CIS,“2018/19 FW 우크라이나 패션위크” 참관기,우크라이나,키예프무역관,2018-02-26,1672,0,164826
현장·인터뷰,섬유/패션,CIS,우즈벡 기업으로부터 듣는 우즈벡 섬유 및 섬유기계 산업,우즈베키스탄,타슈켄트무역관,2018-05-11,1520,1,165765
산업·상품,섬유/패션,북미,서브스크립션 서비스로 진출하는 미국 남성 패션·뷰티시장,미국,로스앤젤레스무역관,2018-04-21,6738,0,165730
산업·상품,섬유/패션,북미,미국 웨딩 산업동향,미국,로스앤젤레스무역관,2018-04-21,6577,0,165785
산업·상품,섬유/패션,북미,"미국, 지속가능한 패션으로 새로운 아름다움을 추구하다",미국,로스앤젤레스무역관,2018-02-27,3246,1,164937
산업·상품,섬유/패션,북미,"미국 여성들, 불편한 일반 브라보다 편안한 스포츠브라 선호",미국,로스앤젤레스무역관,2018-05-19,6406,1,166279
산업·상품,섬유/패션,북미,미국 선글라스 시장동향,미국,로스앤젤레스무역관,2018-05-19,6293,0,166313
산업·상품,섬유/패션,아시아,베트남 사람들이 태양을 피하는 방법,베트남,하노이무역관,2018-07-16,8820,1,167813
통상·규제,섬유/패션,아시아,"베트남 세관, 우리 섬유기업 상표 사용현황 조사",베트남,호치민무역관,2018-02-22,3117,1,164748
산업·상품,섬유/패션,아시아,외국 브랜드가 점유한 베트남 중가 여성 핸드백 시장,베트남,호치민무역관,2018-09-04,1381,1,169340
산업·상품,섬유/패션,아시아,인도 섬유기계 시장동향,인도,뭄바이무역관,2018-08-02,1334,0,168708
산업·상품,섬유/패션,아시아,"방글라데시, 중국에 이어 세계 2위 의류 수출국",방글라데시,다카무역관,2018-08-05,1323,0,168522
산업·상품,섬유/패션,아프리카,나이지리아 인모 가발 시장동향,나이지리아,라고스무역관,2018-02-12,2957,1,164770
산업·상품,섬유/패션,아프리카,"국산 중고의류, 콩고민주공화국 시장진출 호기",콩고민주공화국,킨샤사무역관,2018-04-26,1956,0,165861
산업·상품,섬유/패션,아프리카,"중고의류, 헌 옷 수거함에서 아프리카 가나 가정집으로!",가나,아크라무역관,2018-04-27,2450,5,165834
산업·상품,섬유/패션,아프리카,에티오피아 섬유-의류산업 동향 및 투자진출 여건 분석,에티오피아,아디스아바바무역관,2018-08-19,1182,1,165944
산업·상품,섬유/패션,유럽,"스포츠웨어, 영국인의 일상을 사로잡다!",영국,런던무역관,2018-04-13,2046,0,165621
산업·상품,섬유/패션,유럽,독일 패션계에 부는 업사이클링 바람,독일,뮌헨무역관,2018-04-17,2751,2,165693
칼럼·기고,섬유/패션,유럽,디자인을 통해 지속가능한 경제가치를 창출하고 있는 핀란드로부터 배울 점,핀란드,헬싱키무역관,2018-04-27,2216,0,165923
산업·상품,섬유/패션,유럽,중저가 가방으로 스위스 시장진출,스위스,취리히무역관,2018-04-06,2173,2,165511
산업·상품,섬유/패션,유럽,독일 인조 가발 시장동향,독일,함부르크무역관,2018-07-18,2009,6,168039
산업·상품,섬유/패션,유럽,불가리아 섬유산업 동향,불가리아,소피아무역관,2018-08-30,699,24,169165
산업·상품,섬유/패션,일본,日 가방 수입 바이어에게 듣는다 - 다시 부는 한류,일본,오사카무역관,2018-03-08,3472,2,165087
산업·상품,섬유/패션,일본,"인터넷 의류 판매의 혁명, 日 ZOZOSUIT",일본,오사카무역관,2018-05-22,1984,1,166402
산업·상품,섬유/패션,일본,일본 신발 시장동향,일본,도쿄무역관,2018-05-25,1597,0,166432
산업·상품,섬유/패션,일본,"日 쿨비즈 시장, 키워드는 '냄새제거'와 '스니커'다!",일본,도쿄무역관,2018-05-25,1549,0,166457
산업·상품,섬유/패션,중국,中 스포츠웨어 시장동향 및 트렌드,중국,선양무역관,2018-02-28,2822,2,164970
산업·상품,섬유/패션,중국,중국 유아동복 시장동향,중국,선전무역관,2018-06-01,2143,0,166717
산업·상품,섬유/패션,중국,중국 패션 주얼리 시장동향,중국,시안무역관,2018-05-11,2133,0,166163
산업·상품,섬유/패션,중국,중국 매니큐어 시장동향,중국,시안무역관,2018-06-08,1574,0,166853
산업·상품,섬유/패션,중국,중국 의류 시장동향,중국,정저우무역관,2018-06-27,1560,1,167292
산업·상품,섬유/패션,중남미,멕시코 의류시장 현황,멕시코,멕시코시티무역관,2018-04-17,2403,0,165655
산업·상품,섬유/패션,중남미,칠레 여성의류 시장동향,칠레,산티아고무역관,2018-05-19,1567,0,166302
현장·인터뷰,섬유/패션,중남미,과테말라 어패럴 소싱 쇼에 다녀오다,과테말라,과테말라무역관,2018-06-13,1095,0,166940
산업·상품,섬유/패션,중남미,스포츠웨어에 열광하는 콜롬비아,콜롬비아,보고타무역관,2018-08-23,538,1,169055
산업·상품,섬유/패션,중동,UAE 신발은 패션과 편안함이 우선,아랍에미리트,두바이무역관,2018-04-26,2268,1,165870
산업·상품,섬유/패션,중동,"사우디 의류시장, 여성 사회진출 증가로 성장세",사우디아라비아,리야드무역관,2018-02-13,2479,1,164723
칼럼·기고,섬유/패션,중동,[전문가 기고] 모로코 여성 전통복 원단시장에 도전하세요,모로코,카사블랑카무역관,2018-03-19,2235,2,165214
현장·인터뷰,섬유/패션,중동,세계 3대 섬유기계 전시회 ITM2018 참관기,터키,이스탄불무역관,2018-05-02,1459,3,165964
산업·상품,섬유/패션,중동,UAE 선글라스 시장동향,아랍에미리트,두바이무역관,2018-06-05,1440,0,166680
칼럼·기고,유통/물류,CIS,"[전문가 기고] 유라시아 철의 실크로드, 현황과 전망은?",카자흐스탄,알마티무역관,2018-07-31,1961,0,168402
현장·인터뷰,유통/물류,CIS,"러시아 철도 물류비, 어떤 구조로 이루어지나",러시아,블라디보스톡무역관,2018-04-10,1902,4,165439
산업·상품,유통/물류,CIS,1조 루블 규모 러 온라인 시장 최근 동향,러시아,블라디보스톡무역관,2018-07-20,1528,0,168059
산업·상품,유통/물류,CIS,우즈베키스탄 전자상거래 시장동향,우즈베키스탄,타슈켄트무역관,2018-07-13,1321,0,167443
산업·상품,유통/물류,CIS,러시아 물류산업 현황 및 우리 기업 진출 동향,러시아,모스크바무역관,2018-08-23,1029,0,169069
산업·상품,유통/물류,북미,"미국 백화점, 대형마트 시장 현황 및 전망",미국,시카고무역관,2018-05-19,2655,0,166357
산업·상품,유통/물류,북미,"유통의 미래, 무인 편의점 '아마존 고(Amazon go)'",미국,마이애미무역관,2018-04-21,4393,1,165723
산업·상품,유통/물류,북미,마이애미를 통한 라틴 아메리카 유통시장 진출전략,미국,마이애미무역관,2018-07-18,1255,0,167976
산업·상품,유통/물류,북미,"미국, Mother’s Day 최고 소비기록 세울 전망",미국,마이애미무역관,2018-05-19,1034,0,166301
산업·상품,유통/물류,아시아,필리핀의 '사리사리(Sari Sari)'를 아시나요?,필리핀,마닐라무역관,2018-04-27,3591,0,165865
통상·규제,유통/물류,아시아,"인도네시아, 전자상거래 보세물류창고 제도 시행 예정",인도네시아,자카르타무역관,2018-05-02,2990,0,165966
경제·무역,유통/물류,아시아,필리핀 페소화 환율 변동 및 경제전망,필리핀,마닐라무역관,2018-06-14,2811,0,166894
산업·상품,유통/물류,아시아,라오스 내륙항 개발현황,라오스,비엔티안무역관,2018-04-03,2656,4,165464
통상·규제,유통/물류,아프리카,코트디부아르 수출 시 선적전검사 필수!,코트디부아르,아비장무역관,2018-06-13,1728,0,166935
칼럼·기고,유통/물류,아프리카,[무역관 르포] 코트디부아르 수출 시 유의사항,코트디부아르,아비장무역관,2018-05-25,1376,0,166471
산업·상품,유통/물류,아프리카,수단 SOC 인프라 현황과 기회,수단,카르툼무역관,2018-07-17,1369,0,168012
산업·상품,유통/물류,유럽,"독일 물류산업, 첨단 IT와 결합하다",독일,함부르크무역관,2018-03-02,3739,3,164989
산업·상품,유통/물류,유럽,배달자전거로 집 앞까지? 네덜란드의 음식 배달서비스 시장 현황,네덜란드,암스테르담무역관,2018-02-26,2724,3,164955
산업·상품,유통/물류,유럽,"집 안에서 하는 외식, 영국 배달업의 성장!",영국,런던무역관,2018-05-12,2056,0,166110
산업·상품,유통/물류,유럽,간판 없는 네덜란드 온라인 슈퍼마켓의 성공 비결!,네덜란드,암스테르담무역관,2018-06-01,1890,3,166720
산업·상품,유통/물류,일본,"일본의 잘 나가는 물류기업, 키워드는 '특화'",일본,후쿠오카무역관,2018-02-28,4057,1,164963
경제·무역,유통/물류,일본,"인력부족시대의 일본 소매업, ‘셀프 계산대’ 각광",일본,도쿄무역관,2018-03-29,3221,0,165222
산업·상품,유통/물류,일본,"日 1인 1 택배박스시대, 재배달 없이 간편 수령",일본,도쿄무역관,2018-04-15,2577,0,165638
산업·상품,유통/물류,일본,"일본 3대 편의점, 계산대 혁신으로 인력부족에 대응",일본,도쿄무역관,2018-05-30,2030,0,166488
현장·인터뷰,유통/물류,일본,"태풍 제비, 日 간사이공항 여객 및 물류 영향 우려",일본,오사카무역관,2018-09-06,1056,25,169358
산업·상품,유통/물류,일본,인공지능에 물어봐! 일본 소매업 성공의 비결,일본,도쿄무역관,2018-05-25,2593,0,166472
산업·상품,유통/물류,중국,꼭 알아야 할 中 전자상거래 캘린더,중국,베이징무역관,2018-03-09,3915,2,165111
산업·상품,유통/물류,중국,중국 전자상거래 수입시장 현황 및 전망,중국,광저우무역관,2018-04-02,4197,0,165454
경제·무역,유통/물류,중국,2017년 중국 국경간 전자상거래의 발전과 전망,중국,상하이무역관,2018-02-28,3443,1,164982
산업·상품,유통/물류,중국,"中, 급성장하는 음식배달시장",중국,충칭무역관,2018-05-19,3005,1,166336
투자진출,유통/물류,중국,한국기업이 주목할 다롄 유통기업과 플랫폼,중국,다롄무역관,2018-07-27,2877,0,168293
산업·상품,유통/물류,중남미,급성장 중인 파라과이 전자상거래시장,파라과이,아순시온무역관,2018-06-23,1704,0,167248
투자진출,유통/물류,중남미,도미니카공화국 프랜차이즈 시장동향,도미니카공화국,산토도밍고무역관,2018-06-09,1384,0,166803
경제·무역,유통/물류,중동,"알제리, 전자상거래 첫발을 내딛다",알제리,알제무역관,2018-03-11,2774,1,165139
투자진출,유통/물류,중동,UAE 알 막툼 신공항 자유무역지대 Dubai South,아랍에미리트,두바이무역관,2018-04-28,2158,0,165936
산업·상품,유통/물류,중동,물류 인프라에 투자하는 카타르,카타르,도하무역관,2018-02-26,2055,0,164948
현장·인터뷰,유통/물류,중동,"[무역관 르포] 사우디아라비아 수출 선박, 이란 항구 경유 살펴야",사우디아라비아,리야드무역관,2018-08-16,1491,0,168934
현장·인터뷰,유통/물류,중동,"중동 최대 홈쇼핑 기업, Citruss TV사 구매담당자와의 인터뷰",아랍에미리트,두바이무역관,2018-09-29,468,1,169874
산업·상품,의료바이오,CIS,"러시아 초음파 영상 진단기시장, 중국 저가 제품과 맞서라!",러시아,모스크바무역관,2018-03-30,2046,0,165397
칼럼·기고,의료바이오,CIS,우즈베키스탄 제약시장 및 정책동향,우즈베키스탄,타슈켄트무역관,2018-04-04,2183,2,165395
산업·상품,의료바이오,CIS,카자흐스탄 의료기기 시장동향,카자흐스탄,알마티무역관,2018-04-13,2126,0,165611
현장·인터뷰,의료바이오,CIS,제약공장 건설 예정인 아제르바이잔 기업 면담,아제르바이잔,바쿠무역관,2018-02-14,1732,1,164808
산업·상품,의료바이오,CIS,아제르바이잔 혈압측정기 시장동향,아제르바이잔,바쿠무역관,2018-05-28,1708,0,166503
산업·상품,의료바이오,북미,독거노인 맞춤형 스마트 헬스가 뜬다,캐나다,토론토무역관,2018-02-15,4520,0,164812
산업·상품,의료바이오,북미,기술 발전과 고령 인구 증가로 급성장 중인 미국 원격진료 시장동향,미국,워싱톤무역관,2018-03-28,3714,0,165341
산업·상품,의료바이오,북미,미국 디지털 헬스케어시장,미국,로스앤젤레스무역관,2018-06-16,2743,0,166992
현장·인터뷰,의료바이오,북미,"미국 바이오테크의 심장, 그 현장을 찾아가다",미국,실리콘밸리무역관,2018-06-06,2308,2,166781
산업·상품,의료바이오,북미,미국 마사지 기기 시장동향,미국,로스앤젤레스무역관,2018-06-11,1965,0,166838
산업·상품,의료바이오,아시아,"모바일헬스케어(m-Health), 인도가 뜨는 이유는?",인도,방갈로르무역관,2018-03-29,3050,3,165357
산업·상품,의료바이오,아시아,5가지 특성으로 보는 라오스 보건의료 산업현황,라오스,비엔티안무역관,2018-05-02,2799,0,165989
산업·상품,의료바이오,아시아,세계 7위 인도의 성형시장,인도,첸나이무역관,2018-07-27,2529,0,168322
산업·상품,의료바이오,아시아,태국 의약품 시장동향,태국,방콕무역관,2018-06-21,1973,0,167094
산업·상품,의료바이오,아시아,미얀마 의약품 시장동향,미얀마,양곤무역관,2018-07-18,1799,1,168030
산업·상품,의료바이오,아프리카,남아공 의료소모품 및 영상진단기기 시장동향,남아프리카공화국,요하네스버그무역관,2018-05-25,1596,0,166465
산업·상품,의료바이오,아프리카,남아공 의약품 시장동향,남아프리카공화국,요하네스버그무역관,2018-07-05,1125,0,167598
통상·규제,의료바이오,아프리카,수단 의약품 및 의료기기 등록 관련 규제동향,수단,카르툼무역관,2018-05-16,1068,0,166253
산업·상품,의료바이오,유럽,"폴란드, 콘택트렌즈와 관련 제품 시장 꾸준한 성장세",폴란드,바르샤바무역관,2018-03-07,2579,1,165090
산업·상품,의료바이오,유럽,"그리스, 고령화 및 의료시설 이용패턴 변화로 의약품 수요 증가 전망",그리스,아테네무역관,2018-04-24,2226,0,165798
산업·상품,의료바이오,유럽,앱으로 건강을 체크할까? 英 디지털·모바일 헬스산업 엿보기,영국,런던무역관,2018-04-26,2161,0,165872
산업·상품,의료바이오,유럽,프랑스 기타 의료기기 시장동향,프랑스,파리무역관,2018-04-30,2013,0,165931
산업·상품,의료바이오,유럽,핀란드 의료기기 시장동향,핀란드,헬싱키무역관,2018-05-23,1939,0,166436
현장·인터뷰,의료바이오,일본,"초고령 사회의 日, 2018년 베리어프리 전시회 참관기",일본,오사카무역관,2018-04-20,2000,0,165734
산업·상품,의료바이오,일본,"일본, 예방 의료 벤처가 뜨겁다",일본,후쿠오카무역관,2018-05-23,2478,0,166384
현장·인터뷰,의료바이오,일본,"관서 최대의 의료 · 개호 전시회, 메디컬 재팬을 가다",일본,오사카무역관,2018-02-27,2032,1,164949
산업·상품,의료바이오,일본,日 공공장소 등 '배리어 프리' 확산에 박차,일본,도쿄무역관,2018-06-19,1950,1,166856
현장·인터뷰,의료바이오,일본,2018 스마트 헬스케어 수출상담회 참관기,일본,오사카무역관,2018-07-03,1338,0,167491
산업·상품,의료바이오,중국,"꾸준한 성장, 중국 스마트 의료시장 주목해야",중국,톈진무역관,2018-04-20,3799,0,165744
산업·상품,의료바이오,중국,"중국 프리미엄 의료서비스시장, 외국계 진출 가속화",중국,우한무역관,2018-04-20,3054,1,165728
통상·규제,의료바이오,중국,中 5월 1일부로 항암제 등 28종 수입약품 “0%” 잠정관세 적용,중국,베이징무역관,2018-05-02,2631,0,165877
산업·상품,의료바이오,중국,"中 허난성 실버시장, 늘어나는 인프라 수요 노려라",중국,정저우무역관,2018-02-23,2287,0,164772
산업·상품,의료바이오,중국,중국 보청기 시장동향,중국,충칭무역관,2018-07-28,2220,0,168349
현장·인터뷰,의료바이오,중남미,"브라질, 화물연대 파업으로 물류대란",브라질,상파울루무역관,2018-05-29,2434,0,166514
통상·규제,의료바이오,중남미,"브라질, 'MDSAP' 따면 빨라지는 'ANVISA' 인증",브라질,상파울루무역관,2018-05-17,1972,0,166184
산업·상품,의료바이오,중남미,칠레 의약품 시장동향,칠레,산티아고무역관,2018-05-30,1901,0,166648
산업·상품,의료바이오,중남미,페루 의료기기 시장동향,페루,리마무역관,2018-08-08,1359,0,168799
산업·상품,의료바이오,중남미,페루 의료용 살균기 시장동향,페루,리마무역관,2018-06-07,1339,0,166780
산업·상품,의료바이오,중동,제약회사 테바의 사업부진과 이스라엘의 의약산업 현황,이스라엘,텔아비브무역관,2018-04-22,2230,0,165790
현장·인터뷰,의료바이오,중동,UAE 중동 최대 의료기기 전시회 'ARAB HEALTH 2018' 참관기,아랍에미리트,두바이무역관,2018-02-21,2547,0,164882
산업·상품,의료바이오,중동,요르단 뷰티성형제품 수요 증가 전망,요르단,암만무역관,2018-03-07,2333,1,164974
산업·상품,의료바이오,중동,사우디아라비아 의료기기 시장동향,사우디아라비아,리야드무역관,2018-06-13,2154,0,166931
현장·인터뷰,의료바이오,중동,"2018 두바이 국제 치과 기자재 전시회, 우리 기업 참가율 2위로 강세 보여",아랍에미리트,두바이무역관,2018-02-13,1959,2,164777
산업·상품,의료바이오,중동,이집트 치과용 엑스레이 시장동향,이집트,카이로무역관,2018-08-19,1128,0,168924
산업·상품,자동차/수송기기,CIS,러시아 자동차시장: ③ 2025년 로컬라이제이션 비율 70%까지?,러시아,블라디보스톡무역관,2018-02-20,3971,1,164766
산업·상품,자동차/수송기기,CIS,경기 부진에도 잘 나가는 우크라이나 고급 승용차시장,우크라이나,키예프무역관,2018-04-25,1986,0,165806
산업·상품,자동차/수송기기,CIS,시베리아의 도로에서는 어떤 차가 가장 많이 보일까,러시아,노보시비르스크무역관,2018-04-25,1725,0,165856
현장·인터뷰,자동차/수송기기,CIS,2018 모스크바 자동차부품 전시회 MIMS 참관기,러시아,모스크바무역관,2018-09-07,1437,0,169352
산업·상품,자동차/수송기기,북미,ADAS 센서와 미국 자율주행차 시장현황,미국,실리콘밸리무역관,2018-03-01,6384,3,164980
산업·상품,자동차/수송기기,북미,환경규제 강화로 급성장하는 수소연료 전지차시장,미국,디트로이트무역관,2018-04-07,4263,2,165521
통상·규제,자동차/수송기기,북미,NAFTA 재협상과 북미 자동차 시장에 미치는 영향,미국,디트로이트무역관,2018-05-05,3256,0,166069
현장·인터뷰,자동차/수송기기,북미,2018 시애틀 항공 우주 및 방위 업체 서밋 참관기,미국,실리콘밸리무역관,2018-04-05,2771,2,165502
산업·상품,자동차/수송기기,북미,공유경제를 향한 완성차 업체들의 자율주행차 개발,미국,디트로이트무역관,2018-04-20,2656,0,165724
산업·상품,자동차/수송기기,북미,미국 라이더(LiDAR) 시장의 현재와 미래,미국,실리콘밸리무역관,2018-07-14,1992,11,167802
현장·인터뷰,자동차/수송기기,아시아,"베트남의 상용차 및 자동차 부품·용품 전문 전시회, 2018 VIETNAM AUTOEXPO에 다녀오다",베트남,하노이무역관,2018-06-25,4095,1,167267
현장·인터뷰,자동차/수송기기,아시아,파키스탄 자동차 부품산업 전문가에게 듣는다,파키스탄,카라치무역관,2018-07-21,3088,1,168140
산업·상품,자동차/수송기기,아시아,주목 받는 태국 전기자동차 시장동향,태국,방콕무역관,2018-06-08,3054,0,166839
현장·인터뷰,자동차/수송기기,아시아,인터뷰를 통해 듣는 호주 자동차 산업,호주,멜버른무역관,2018-02-09,3049,3,164739
산업·상품,자동차/수송기기,아시아,아시안 게임 개막식에 오토바이를 몰고 온 조코위 대통령,인도네시아,자카르타무역관,2018-09-24,550,11,169739
산업·상품,자동차/수송기기,아시아,"우버vs그랩, 베트남에서 승자는?",베트남,호치민무역관,2018-06-08,3120,0,166844
칼럼·기고,자동차/수송기기,아프리카,"[무역관르포] 아프리카 자동차 산업의 중심지 남아공, 자동차 자동화기술과 차량 공유 서비스의 미래는?",남아프리카공화국,요하네스버그무역관,2018-04-24,2704,0,165804
산업·상품,자동차/수송기기,아프리카,가나 중고자동차 시장동향,가나,아크라무역관,2018-05-24,3359,1,166394
산업·상품,자동차/수송기기,아프리카,가나 화물자동차 시장동향,가나,아크라무역관,2018-07-20,2732,0,167962
산업·상품,자동차/수송기기,아프리카,"수단, A/S용 자동차부품 수요 꾸준히 증가",수단,카르툼무역관,2018-07-12,2309,0,167835
산업·상품,자동차/수송기기,아프리카,"모잠비크, 타이어 수입시장 회복세",모잠비크,마푸투무역관,2018-05-23,1785,0,166435
산업·상품,자동차/수송기기,유럽,"헝가리, 친환경 전기자동차산업",헝가리,부다페스트무역관,2018-03-29,2953,1,165386
산업·상품,자동차/수송기기,유럽,세계 최대 자동차부품기업 보쉬의 이유 있는 변신,독일,프랑크푸르트무역관,2018-04-10,4673,3,165508
산업·상품,자동차/수송기기,유럽,"세계 최초 눈길 자율주행 성공한 핀란드, 미래자동차 시대에 어떻게 대응하나",핀란드,헬싱키무역관,2018-03-30,3770,0,165406
산업·상품,자동차/수송기기,유럽,불가리아 자동차산업 시장동향,불가리아,소피아무역관,2018-03-21,3085,2,165149
산업·상품,자동차/수송기기,유럽,폴란드 자동차 신차 시장동향,폴란드,바르샤바무역관,2018-04-14,2813,0,165634
산업·상품,자동차/수송기기,일본,"日 자동차시장, 수소충전소 확대",일본,도쿄무역관,2018-03-07,3394,1,165081
산업·상품,자동차/수송기기,일본,일본 자동차용 CFRP 시장동향,일본,후쿠오카무역관,2018-05-23,3180,0,166411
투자진출,자동차/수송기기,일본,"변화하는 일본 전기차시장, 스타트업이 답이다",일본,나고야무역관,2018-02-22,4159,2,164884
산업·상품,자동차/수송기기,일본,"日, 차세대자동차 붐 속에서 새로운 기회 창출",일본,나고야무역관,2018-05-10,3275,0,166142
현장·인터뷰,자동차/수송기기,일본,일본 전기자동차 모터 제조사를 만나다,일본,도쿄무역관,2018-06-12,3268,2,166858
산업·상품,자동차/수송기기,중국,세계 1위 중국 자동차 시장의 미래 발전방향은?,중국,상하이무역관,2018-02-23,8090,5,164824
산업·상품,자동차/수송기기,중국,"중국, 신에너지 자동차 시장에서 스타트업 열풍",중국,난징무역관,2018-03-05,4857,3,164984
산업·상품,자동차/수송기기,중국,중국 수입 자동차 시장 현황과 전망,중국,광저우무역관,2018-05-09,3975,1,166119
산업·상품,자동차/수송기기,중국,中 후난성 신에너지 자동차 산업동향,중국,창사무역관,2018-10-25,487,20,170499
산업·상품,자동차/수송기기,중국,"2018년 中 자동차 시장동향...저성장, 친환경 그리고 프리미엄",중국,베이징무역관,2018-07-31,4445,0,168307
통상·규제,자동차/수송기기,중국,2018년 상반기 中 자동차 시장을 흔드는 정책,중국,베이징무역관,2018-07-31,4172,0,168308
산업·상품,자동차/수송기기,중남미,다시 뜨는 브라질 자동차시장,브라질,상파울루무역관,2018-03-08,4329,0,165094
산업·상품,자동차/수송기기,중남미,브라질 자동차산업 인센티브정책 Rota 2030,브라질,상파울루무역관,2018-07-27,3439,0,168156
산업·상품,자동차/수송기기,중남미,과테말라 자동차 수입 시장동향,과테말라,과테말라무역관,2018-03-06,3278,1,165045
산업·상품,자동차/수송기기,중남미,칠레 자동차시장 최신 동향,칠레,산티아고무역관,2018-04-03,3255,0,165461
산업·상품,자동차/수송기기,중남미,도미니카공화국 자동차 배터리 시장동향,도미니카공화국,산토도밍고무역관,2018-05-26,2945,0,166520
산업·상품,자동차/수송기기,중동,UAE 자동차 시장동향,아랍에미리트,두바이무역관,2018-06-09,2922,0,166886
산업·상품,자동차/수송기기,중동,카타르 자동차 배터리 시장동향,카타르,도하무역관,2018-07-08,2444,0,167466
산업·상품,자동차/수송기기,중동,변화의 기로에 놓인 쿠웨이트 자동차시장,쿠웨이트,쿠웨이트무역관,2018-05-17,2369,0,166245
산업·상품,자동차/수송기기,중동,요르단 자동차 브레이크 시장동향,요르단,암만무역관,2018-07-05,2106,0,167257
산업·상품,자동차/수송기기,중동,"UAE 새로운 교통?물류 혁명, 하이퍼루프",아랍에미리트,두바이무역관,2018-05-20,2058,0,166287
산업·상품,전자/전기,CIS,우즈베키스탄 자동차 배터리 시장동향,우즈베키스탄,타슈켄트무역관,2018-07-17,2565,0,167894
산업·상품,전자/전기,CIS,러시아 자동차 축전지 시장동향,러시아,모스크바무역관,2018-07-13,2543,0,167786
산업·상품,전자/전기,CIS,카자흐스탄 전력기자재 시장동향,카자흐스탄,알마티무역관,2018-04-28,2318,0,165822
산업·상품,전자/전기,CIS,러시아 차량용 배터리 시장동향,러시아,노보시비르스크무역관,2018-04-12,2211,1,165613
산업·상품,전자/전기,CIS,러시아 광섬유 케이블 관련 시장동향,러시아,노보시비르스크무역관,2018-03-06,2015,1,165056
산업·상품,전자/전기,북미,미국 전기오븐 및 조리용 기기 시장동향,미국,로스앤젤레스무역관,2018-05-19,5568,0,166358
현장·인터뷰,전자/전기,북미,국제보안기기 전시회 ISC West 2018 참관기,미국,로스앤젤레스무역관,2018-04-17,6239,0,165685
산업·상품,전자/전기,북미,미국 로봇청소기 시장동향,미국,실리콘밸리무역관,2018-04-10,4655,5,165574
산업·상품,전자/전기,북미,캐나다 마리화나 합법화 앞두고 전자담배 수요 급증,캐나다,밴쿠버무역관,2018-03-07,3774,5,165053
산업·상품,전자/전기,북미,미국 반도체 장비 시장동향,미국,실리콘밸리무역관,2018-05-30,3210,6,166649
산업·상품,전자/전기,아시아,"인도시장의 새로운 기회, 자동차 배터리",인도,뉴델리무역관,2018-06-30,2966,0,167463
산업·상품,전자/전기,아시아,베트남 LED조명 시장동향,베트남,하노이무역관,2018-06-04,2817,1,166671
산업·상품,전자/전기,아시아,온라인으로 커가는 호주 주방 건강가전시장,호주,멜버른무역관,2018-04-03,2718,0,165346
산업·상품,전자/전기,아시아,인도 신재생에너지 산업현황과 시사점,인도,뉴델리무역관,2018-05-05,2662,0,166072
산업·상품,전자/전기,아시아,인도네시아 대형 가전제품 시장동향,인도네시아,수라바야무역관,2018-06-11,2285,0,166888
산업·상품,전자/전기,아프리카,모잠비크 전력 케이블 및 전선시장 눈여겨 봐야,모잠비크,마푸투무역관,2018-04-26,1875,0,165862
산업·상품,전자/전기,아프리카,모잠비크 산업용 발전기 시장동향,모잠비크,마푸투무역관,2018-03-27,1762,0,165333
현장·인터뷰,전자/전기,유럽,2018 유럽 최대의 상업용 디스플레이 전시회(ISE) 참관기,네덜란드,암스테르담무역관,2018-02-22,2120,3,164874
산업·상품,전자/전기,유럽,영국 전자담배 시장동향,영국,런던무역관,2018-06-08,1846,0,166795
통상·규제,전자/전기,유럽,"2018년 8월 독일, 개정된 전기·전자제품법 발효",독일,함부르크무역관,2018-03-06,2408,3,165040
현장·인터뷰,전자/전기,유럽,"독일, 조명건축전시회에 부는 스마트 바람",독일,프랑크푸르트무역관,2018-03-24,2128,0,165281
산업·상품,전자/전기,유럽,"영국 공기조절기(냉방기, 공기청정기, 제습기, 가습기) 시장동향",영국,런던무역관,2018-05-24,1850,0,166299
산업·상품,전자/전기,일본,일본 3D프린터 및 조형물 시장동향,일본,후쿠오카무역관,2018-05-14,2752,0,166226
산업·상품,전자/전기,일본,일본 디지털사이니지 시장동향,일본,후쿠오카무역관,2018-05-14,2604,0,166225
통상·규제,전자/전기,일본,"일본 ‘휴대용 보조배터리’ 수입규제, 한국 기업에의 영향은?",일본,도쿄무역관,2018-02-15,2785,0,164831
산업·상품,전자/전기,일본,일본 공기청정기 시장동향,일본,도쿄무역관,2018-06-10,2400,0,166892
산업·상품,전자/전기,중국,반도체 춘추전국시대를 열고 있는 중국,중국,우한무역관,2018-03-30,3620,0,165424
산업·상품,전자/전기,중국,중국 스마트 도어락 시장동향,중국,베이징무역관,2018-06-13,4020,1,166949
산업·상품,전자/전기,중국,中 소형가전시장에서의 성공비결은 '혁신'!,중국,베이징무역관,2018-04-20,3938,2,165714
산업·상품,전자/전기,중국,중국의 반도체산업 발전현황,중국,상하이무역관,2018-08-07,3147,0,168809
산업·상품,전자/전기,중국,치열해지는 중국 가전제품시장 경쟁,중국,상하이무역관,2018-05-10,2873,0,166133
산업·상품,전자/전기,중국,성장 가능성 높은 중국 의료분야 RFID시장,중국,샤먼무역관,2018-04-17,2738,0,165678
산업·상품,전자/전기,중남미,"브라질, 스트레스 없애주는 '힐링' 상품은?",브라질,상파울루무역관,2018-05-10,2572,0,166127
산업·상품,전자/전기,중남미,브라질 태양광 발전시장을 주목하라!,브라질,상파울루무역관,2018-05-03,3242,0,165934
산업·상품,전자/전기,중남미,파라과이 가전제품 시장동향,파라과이,아순시온무역관,2018-07-21,2295,0,168183
산업·상품,전자/전기,중남미,"페루, 대형 냉장고 수요 지속 증가",페루,리마무역관,2018-02-27,2269,0,164901
산업·상품,전자/전기,중남미,파라과이 에어컨시장을 주목하라,파라과이,아순시온무역관,2018-04-27,2040,0,165902
산업·상품,전자/전기,중동,모래폭풍으로 들어온 미세먼지를 잡아라! 인공지능(AI) 적용된 로봇청소기 수요 확대,쿠웨이트,쿠웨이트무역관,2018-07-11,1663,1,167780
산업·상품,전자/전기,중동,알제리 가정 식탁에 부는 새로운 바람,알제리,알제무역관,2018-06-22,1553,2,167157
산업·상품,전자/전기,중동,쿠웨이트 보안장비 시장 성장세,쿠웨이트,쿠웨이트무역관,2018-05-30,1492,0,166657
산업·상품,전자/전기,중동,이스라엘의 가전 시장동향,이스라엘,텔아비브무역관,2018-07-19,1409,0,168006
산업·상품,전자/전기,중동,사우디아라비아 진공청소기 시장동향,사우디아라비아,리야드무역관,2018-07-12,1288,1,167794
통상·규제,철강/금속,북미,캐나다 철강 수입규제 강화 움직임,캐나다,밴쿠버무역관,2018-04-04,2787,4,165480
통상·규제,철강/금속,북미,"美 무역위, 한국산 강선재에 최종 산업 피해 긍정 판정",미국,워싱톤무역관,2018-05-05,2343,1,166062
통상·규제,철강/금속,북미,"미국 상무부, 한국산 냉간압연강관 최종 덤핑혐의 유효 판정",미국,워싱톤무역관,2018-04-14,2046,0,165658
경제·무역,철강/금속,북미,"캐-미 철강분쟁, 캐나다 경제영향은 '제한적'",캐나다,밴쿠버무역관,2018-06-08,2006,1,166837
통상·규제,철강/금속,북미,"캐나다 철강파이프 반덤핑 조사, 우리 기업에 기회될까",캐나다,밴쿠버무역관,2018-08-01,1999,1,168444
통상·규제,철강/금속,아시아,"말레이시아, 한국산 냉연스테인리스강 반덤핑 최종 판정",말레이시아,쿠알라룸푸르무역관,2018-02-12,2089,1,164749
산업·상품,철강/금속,아시아,"급증하는 산업 수요, 인도 구리제품 시장동향",인도,첸나이무역관,2018-06-16,1677,0,167031
산업·상품,철강/금속,아시아,말레이시아 철강구조물 시장동향,말레이시아,쿠알라룸푸르무역관,2018-07-20,1256,0,168102
산업·상품,철강/금속,아프리카,케냐 금속기와 시장동향,케냐,나이로비무역관,2018-08-08,1104,0,168797
통상·규제,철강/금속,유럽,"EU, 중국산 철강로프 및 케이블 반덤핑 관세 부과 연장(한국산 우회덤핑 역시 지속)",벨기에,브뤼셀무역관,2018-04-30,1879,2,165858
통상·규제,철강/금속,유럽,"EU, 역외국 알루미늄 제품 수입감시제도 시행 발표",벨기에,브뤼셀무역관,2018-04-30,1856,3,165969
통상·규제,철강/금속,유럽,"EU, 역외산 철강제품 세이프가드 조사 개시",벨기에,브뤼셀무역관,2018-04-04,2816,5,165474
통상·규제,철강/금속,유럽,미-EU 무역갈등 심화되고 있어,벨기에,브뤼셀무역관,2018-03-16,2603,1,165179
통상·규제,철강/금속,유럽,미국-EU 철강 및 알루미늄 무역전쟁 시작되나,벨기에,브뤼셀무역관,2018-06-02,2258,3,166730
현장·인터뷰,철강/금속,일본,일본 바이어에게 듣는다: 나고야 자동차용 금형 수출상담회 참관기,일본,나고야무역관,2018-07-11,3112,3,167777
현장·인터뷰,철강/금속,일본,2018 오사카 인터몰드(INTERMOLD) 전시회 참관기,일본,오사카무역관,2018-04-25,1588,0,165854
통상·규제,철강/금속,중국,中 올 연말부터 32종 고체폐기물 단계적 수입 금지,중국,베이징무역관,2018-04-23,2538,0,165727
통상·규제,철강/금속,중국,"中, 한국산 스테인리스스틸 빌릿 및 열간압연 플레이트 반덤핑조사 개시",중국,상하이무역관,2018-07-24,1473,0,168193
통상·규제,철강/금속,중국,"대만, 한국산 스테인리스 냉연강판 반덤핑 일몰재심",대만,타이베이무역관,2018-08-13,1202,0,168918
산업·상품,철강/금속,중남미,칠레 철강 시장동향,칠레,산티아고무역관,2018-06-16,1384,0,166959
통상·규제,철강/금속,중남미,"멕시코, 한국산 탄소강관에 반덤핑 최종 판정",멕시코,멕시코시티무역관,2018-04-13,2119,0,165595
현장·인터뷰,철강/금속,중남미,"베네수엘라, 자원으로 무역대금 및 프로젝트 대금 시도",베네수엘라,카라카스무역관,2018-04-25,1598,0,165837
산업·상품,철강/금속,중동,"이란 금, 은, 쥬얼리 시장",이란,테헤란무역관,2018-02-28,3037,2,164896
통상·규제,철강/금속,중동,"GCC, 도금강판 세이프가드 5월 15일부 발동",아랍에미리트,두바이무역관,2018-05-24,1939,0,166459
산업·상품,철강/금속,중동,이집트 기타 평판압연제품 시장동향,이집트,카이로무역관,2018-04-23,1877,0,165721
통상·규제,철강/금속,중동,"터키, 수입 철강제품 세이프가드 조사 시행 발표",터키,이스탄불무역관,2018-05-08,1868,0,166039
통상·규제,철강/금속,중동,"터키, 수입산 철강제품 추가관세 부과",터키,이스탄불무역관,2018-09-21,845,1,169748
산업·상품,화학,CIS,러시아 유기질 비료 시장동향,러시아,모스크바무역관,2018-06-29,1172,0,167425
산업·상품,화학,CIS,우즈베키스탄 폴리에틸렌 및 폴리프로필렌 시장동향,우즈베키스탄,타슈켄트무역관,2018-06-18,1706,0,166321
산업·상품,화학,CIS,러시아 폴리에틸렌 시장동향,러시아,노보시비르스크무역관,2018-07-07,1181,0,167667
칼럼·기고,화학,북미,[전문가 기고] 미 FDA의 색소 사용 관련 규제 및 대응방안,미국,로스앤젤레스무역관,2018-07-27,2085,0,168286
통상·규제,화학,북미,"미 환경청(EPA), 염화메틸렌 규제계획 발표",미국,달라스무역관,2018-05-29,1950,0,166644
통상·규제,화학,북미,"美 환경청, 145개 화학물질에 중요 신규 사용규칙(SNURs) 발표",미국,뉴욕무역관,2018-08-11,1106,0,168901
통상·규제,화학,북미,"미국 FDA, 화장품 제조시설 검증 강화 추세",미국,뉴욕무역관,2018-09-15,1047,0,169581
산업·상품,화학,아시아,태국을 이끌어갈 미래산업 2- 바이오 화학,태국,방콕무역관,2018-07-20,1853,0,168104
통상·규제,화학,아시아,"베트남, 화학비료에 긴급수입제한조치 발동",베트남,하노이무역관,2018-03-14,3005,1,165146
산업·상품,화학,아시아,"인도네시아 플라스틱 판, 시트, 필름 시장 동향",인도네시아,자카르타무역관,2018-07-17,1548,0,167884
산업·상품,화학,아시아,호주 반려동물용 화장품 시장동향,호주,멜버른무역관,2018-07-18,1548,0,167774
산업·상품,화학,아시아,지속 성장이 예측되는 뉴질랜드 페인트시장,뉴질랜드,오클랜드무역관,2018-06-01,1420,0,166550
통상·규제,화학,유럽,2018.5.31 EU REACH 등록 만료시점 다가와,벨기에,브뤼셀무역관,2018-03-21,2799,3,165236
산업·상품,화학,유럽,스위스 최대의 제조산업 제약·화학산업 동향,스위스,취리히무역관,2018-06-01,1589,0,166725
현장·인터뷰,화학,유럽,독일 국제 화공 및 바이오 산업 전시회(ACHEMA 2018) 참관기,독일,프랑크푸르트무역관,2018-07-06,1048,0,167495
산업·상품,화학,일본,日 인기 세차용품은 '고광택 코팅제',일본,오사카무역관,2018-04-20,2140,0,165718
산업·상품,화학,일본,"日, 플라스틱 규제 움직임으로 친환경 소재 각광",일본,후쿠오카무역관,2018-10-05,668,1,170006
통상·규제,화학,중국,"中, 한?미?대만산 스티렌 반덤핑 예비판결",중국,베이징무역관,2018-02-27,2212,0,164806
통상·규제,화학,중국,"중국, 수입산 페놀 반덤핑 조사 개시",중국,상하이무역관,2018-03-26,1914,0,165302
통상·규제,화학,중국,"中, 한국·미국·대만산 스티렌 반덤핑 최종 판정",중국,베이징무역관,2018-06-26,1489,0,167188
통상·규제,화학,중국,"中, 한국?일본산 니트릴 고무 반덤핑 조사 예비판결",중국,상하이무역관,2018-07-17,1473,0,167942
산업·상품,화학,중국,중국 윤활유 시장동향,중국,다롄무역관,2018-07-19,1297,0,168063
산업·상품,화학,중남미,2018년 페루 폴리프로필렌시장 회복세 전망,페루,리마무역관,2018-04-03,2047,1,165019
산업·상품,화학,중남미,칠레 플라스틱 시장동향,칠레,산티아고무역관,2018-06-16,1746,0,166961
산업·상품,화학,중남미,파라과이 폴리올 시장동향,파라과이,아순시온무역관,2018-05-26,1742,0,166522
통상·규제,화학,중동,"터키, 韓 PET제품 세이프가드 조사, 대응방안은?",터키,이스탄불무역관,2018-03-19,1911,1,165226
산업·상품,화학,중동,이집트 석유화학 산업 동향,이집트,카이로무역관,2018-06-06,1616,0,166144
산업·상품,화학,중동,터키 폴리프로필렌 시장동향,터키,이스탄불무역관,2018-06-08,1581,0,166826
산업·상품,화학,중동,이란 플라스틱 스트립 및 판 시장동향,이란,테헤란무역관,2018-08-27,1201,0,169131
산업·상품,화학,중동,이집트 플라스틱 사출성형기 시장동향,이집트,카이로무역관,2018-08-19,1407,0,168946
투자진출,환경,CIS,"러시아 폐기물 처리시설 프로젝트, 발주 본격화",러시아,모스크바무역관,2018-03-30,2636,1,165396
투자진출,환경,CIS,"러시아, 2019년부터 매연·폐수 원격감시시스템 설치 의무화",러시아,모스크바무역관,2018-05-17,1796,0,166266
산업·상품,환경,북미,"美, 자연재해 증가로 재난용품에도 관심 급증",미국,로스앤젤레스무역관,2018-09-07,2098,5,169303
통상·규제,환경,북미,미국 뉴욕주 일회용 비닐봉투 사용 금지 법안 발표,미국,뉴욕무역관,2018-05-04,2000,0,166021
산업·상품,환경,북미,플라스틱 식기는 이제 그만! 미국 '친환경' 외식용 일회용품 시장,미국,로스앤젤레스무역관,2018-08-25,1814,1,169079
산업·상품,환경,아시아,"인도네시아, 하수처리시설 수요 전망",인도네시아,자카르타무역관,2018-04-24,2960,0,165803
현장·인터뷰,환경,아시아,"창업으로 사회문제 해결, 인도 Massive Earth Summit",인도,뉴델리무역관,2018-06-16,1265,0,167034
현장·인터뷰,환경,아시아,2018 인도 물 산업 박람회 참관기,인도,첸나이무역관,2018-03-26,2147,1,165311
산업·상품,환경,아시아,"태국, 쓰레기 처리는 어떻게 할까?",태국,방콕무역관,2018-05-25,1963,0,166180
통상·규제,환경,아시아,호주 일회용 비닐봉지 사용 규제 단계적 확대,호주,시드니무역관,2018-06-27,1498,0,167339
산업·상품,환경,아프리카,남아공도 전기·물 낭비 스튜핏! 절약 그뤠잇!,남아프리카공화국,요하네스버그무역관,2018-05-13,2006,0,166187
산업·상품,환경,유럽,"체코, 재활용 및 폐기물 에너지 활용 확대",체코,프라하무역관,2018-04-07,3624,3,165537
산업·상품,환경,유럽,친환경 수소 경제도시를 꿈꾸는 네덜란드,네덜란드,암스테르담무역관,2018-05-19,2030,0,166267
통상·규제,환경,유럽,"英 정부, 미세 플라스틱 제조 및 판매금지 시행",영국,런던무역관,2018-06-22,1751,0,167209
통상·규제,환경,유럽,"플라스틱 제품, EU 시장에서 퇴출된다",벨기에,브뤼셀무역관,2018-08-25,1723,4,169104
투자진출,환경,유럽,"세르비아 즈레냐닌, 한국 기업과 환경 프로젝트 공동 추진 희망",세르비아,베오그라드무역관,2018-05-11,1632,0,166126
투자진출,환경,중국,"中 광둥성 환경규제 강화, ‘휘발성 유기물(VOCs) 관리방안’ 발표",중국,광저우무역관,2018-07-19,1506,0,168073
산업·상품,환경,중국,"中, 첫 전기차 폐배터리 재활용기업 화이트 리스트 발표",중국,베이징무역관,2018-09-11,1263,0,169476
현장·인터뷰,환경,중국,2018 중국 내 기업환경 변화 대응 설명회 참관기,중국,선양무역관,2018-06-14,1122,0,166809
현장·인터뷰,환경,중국,2018 제19회 중국 환경박람회 현장 르포,중국,상하이무역관,2018-05-11,1121,0,166154
산업·상품,환경,중남미,"베네수엘라 정부, 한국산 쓰레기 수거 트럭 및 부품에 관심",베네수엘라,카라카스무역관,2018-07-04,1500,0,167505
현장·인터뷰,환경,중남미,한-페루 녹색광산 세미나 참석 후기,페루,리마무역관,2018-05-03,1432,0,166001
산업·상품,환경,중동,늘어만 가는 폐기물로 골치 아픈 요르단,요르단,암만무역관,2018-06-29,1277,0,167397
